tag,nomeMusica,duracao
jazz,Sophisticated Lady,303
jazz,Manuel's Mambo,197
pop,Baby's First Christmas,147
rock,You Tell Me,80
rock,You Tell Me,80
pop,Against My Will (LP Version),205
rock,Against My Will (LP Version),205
pop,Your One And Only (LP Version),188
rock,Your One And Only (LP Version),188
pop,Dedicated To The One I Love,127
pop,Will You Love Me Tomorrow,160
pop,A Poor Man's Roses,169
rock,A Poor Man's Roses,169
rock,A Poor Man's Roses,169
rock,A Poor Man's Roses,169
rock,I Found You,207
rock,Fortune Teller,117
reggae,Fortune Teller,117
rock,Fortune Teller,117
rock,Fortune Teller,117
pop,Foolish Little Girl,132
pop,Ain't She Sweet,131
rock,Ain't She Sweet,131
rock,Ain't She Sweet,131
pop,Ain't She Sweet,131
pop,Ain't She Sweet,131
pop,Ain't She Sweet,131
rock,Ain't She Sweet,131
rock,Ain't She Sweet,131
rock,Time Is On My Side,173
reggae,Time Is On My Side,173
rock,Time Is On My Side,173
rock,Time Is On My Side,173
rock,Around And Around,183
reggae,Around And Around,183
rock,Around And Around,183
rock,Around And Around,183
pop,(The Best Part Of) Breakin' Up,183
rock,(The Best Part Of) Breakin' Up,183
rock,All Your Love,215
rock,All Your Love,215
rock,A Simple Desultory Philippic (Or How I Was Robert McNamara'd Into Submission),139
rock,A Simple Desultory Philippic (Or How I Was Robert McNamara'd Into Submission),139
rock,Patterns,183
rock,Patterns,183
rock,Think,190
reggae,Think,190
rock,Think,190
rock,Think,190
reggae,If You Should Walk Away,193
pop,I'm Not Worth the Tears,152
jazz,Games That Lovers Play,260
rock,A Hard Road,305
rock,A Hard Road,305
rock,Matilda Mother (Stereo) (2007 Remaster),187
rock,Matilda Mother (Stereo) (2007 Remaster),187
rock,Matilda Mother (Stereo) (2007 Remaster),187
rock,Matilda Mother (Stereo) (2007 Remaster),187
rock,Matilda Mother (Stereo) (2007 Remaster),187
rock,Matilda Mother (Stereo) (2007 Remaster),187
rock,Strange Days ( LP Version ),187
rock,Strange Days ( LP Version ),187
rock,Strange Days ( LP Version ),187
rock,Strange Days ( LP Version ),187
rock,Strange Days ( LP Version ),187
rock,Transes-Dimanche,128
rock,Old Friends,131
rock,Old Friends,131
rock,This Is My Country,168
rock,I Heard Her Call My Name,277
rock,I Heard Her Call My Name,277
rock,I Heard Her Call My Name,277
rock,Les Femmes Des Autres,192
rock,Laquelle Des Deux Est La Plus Snob,153
rock,Les Femmes Des Autres,190
rock,L'Aventurier,151
rock,Maybe,247
rock,Maybe,247
rock,Maybe,247
rock,Maybe,247
rock,Maybe,247
rock,Fire,192
rock,Fire,192
rock,Fire,192
rock,Fire,192
rock,Fire,192
rock,Fire,192
rock,A Boy Named Sue,217
rock,A Boy Named Sue,217
rock,Be Careful With A Fool,316
rock,Be Careful With A Fool,316
rock,Be Careful With A Fool,316
rock,Be Careful With A Fool,316
rock,Intro 2/ Kick Out The Jams (LP Version),172
rock,Intro 2/ Kick Out The Jams (LP Version),172
rock,Don't Waste My Time,193
rock,Don't Waste My Time,193
rock,Immigrant Song (Album Version),145
rock,Immigrant Song (Album Version),145
rock,Immigrant Song (Album Version),145
rock,Immigrant Song (Album Version),145
rock,Immigrant Song (Album Version),145
rock,Completeness,212
rock,Aphrodite (1999 Digital Remaster),245
rock,The American Ruse (LP Version),150
rock,The American Ruse (LP Version),150
rock,Caught In A Dream (Album Version),190
rock,Caught In A Dream (Album Version),190
rock,Caught In A Dream (Album Version),190
rock,Caught In A Dream (Album Version),190
rock,Caught In A Dream (Album Version),190
rock,Be My Lover,198
rock,Be My Lover,198
rock,Be My Lover,198
rock,Be My Lover,198
rock,Be My Lover,198
rock,The Rock,270
rock,Two Four One,152
pop,Letter To Heaven,155
rock,Little Girl (LP Version),283
rock,Evil Hearted Ada,200
rock,Get It While You Can,206
rock,Get It While You Can,206
rock,Get It While You Can,206
rock,Get It While You Can,206
rock,Get It While You Can,206
rock,Miss X (LP Version),308
rock,Miss X (LP Version),308
rock,Future/Now (LP Version),381
rock,Future/Now (LP Version),381
rock,What Should Be Done,253
rock,What Should Be Done,253
rock,What Should Be Done,253
rock,What Should Be Done,253
rock,What Should Be Done,253
rock,What Should Be Done,253
rock,Close Your Eyes,159
rock,Little Bit of Inner Air,160
rock,Stand By Me,203
rock,Piece Of My Heart,266
rock,Piece Of My Heart,266
rock,Piece Of My Heart,266
rock,Piece Of My Heart,266
rock,Piece Of My Heart,266
rock,Down On Me,183
rock,Down On Me,183
rock,Down On Me,183
rock,Down On Me,183
rock,Down On Me,183
pop,Ain't No Sunshine,252
pop,Ain't No Sunshine,252
rock,Ain't No Sunshine,252
pop,I Wanna Be Where You Are,183
pop,I Wanna Be Where You Are,183
rock,I Wanna Be Where You Are,183
pop,Song Sung Blue,172
rock,Song Sung Blue,172
pop,Song Sung Blue,194
rock,Song Sung Blue,194
rock,The Gold It's In The ... (1996 Digital Remaster),188
rock,The Gold It's In The ... (1996 Digital Remaster),188
rock,The Gold It's In The ... (1996 Digital Remaster),188
rock,The Gold It's In The ... (1996 Digital Remaster),188
rock,The Gold It's In The ... (1996 Digital Remaster),188
rock,The Gold It's In The ... (1996 Digital Remaster),188
rock,Need To Belong To Someone,237
rock,Rocks Off,272
reggae,Rocks Off,272
rock,Rocks Off,272
rock,Rocks Off,272
jazz,China,295
rock,Rosalita (Come Out Tonight),592
rock,Rosalita (Come Out Tonight),592
rock,Don't Worry Baby (1999 Digital Remaster),253
jazz,No Pienses Asi,267
electronica,Baby's On Fire,317
rock,Baby's On Fire,317
rock,Baby's On Fire,317
reggae,Let's Seize The Time,302
rock,Antarctica Starts Here,200
rock,Antarctica Starts Here,200
rock,Antarctica Starts Here,200
pop,Morning Glow,218
pop,Morning Glow,218
rock,Morning Glow,218
rock,Bo Diddley,463
rock,Bo Diddley,463
rock,Bo Diddley,463
rock,Bo Diddley,463
rock,Vietnamese Baby,235
rock,Vietnamese Baby,235
rock,Lord Of The Thighs,425
rock,Lord Of The Thighs,425
rock,Lord Of The Thighs,425
rock,Same Old Song And Dance,358
rock,Same Old Song And Dance,358
rock,Same Old Song And Dance,358
rock,You Never Cry Like A Lover (LP Version),241
rock,You Never Cry Like A Lover (LP Version),241
rock,You Never Cry Like A Lover (LP Version),241
rock,Lonesome To The Bone,162
rock,Lonesome To The Bone,162
rock,Sally Can't Dance,212
rock,Sally Can't Dance,212
rock,Sally Can't Dance,212
rock,Sally Can't Dance,212
rock,Sally Can't Dance,212
rock,Sally Can't Dance,212
rock,Sally Can't Dance,212
rock,Lovin' You,225
rock,Human Being,344
rock,Human Being,344
rock,Stranded In The Jungle,246
rock,Stranded In The Jungle,246
rock,Human Being,344
rock,Human Being,344
rock,Simple Twist Of Fate,258
rock,Simple Twist Of Fate,258
rock,Once I Had A Woman,470
rock,Once I Had A Woman,470
rock,Once I Had A Woman,470
rock,Once I Had A Woman,470
rock,Once I Had A Woman,470
rock,Once I Had A Woman,470
pop,We're Almost There,222
pop,We're Almost There,222
rock,We're Almost There,222
pop,Just A Little Bit Of You,193
pop,Just A Little Bit Of You,193
rock,Just A Little Bit Of You,193
rock,Still I'm Sad,663
jazz,Journey To Love,283
rock,Journey To Love,283
rock,Slip Kid,272
rock,Slip Kid,272
rock,Slip Kid,272
pop,This One's For You,209
rock,This One's For You,209
rock,This One's For You,209
rock,2HB (1999 Digital Remaster),195
rock,She cracked,261
rock,She cracked,261
reggae,It's A Long Way Around,186
rock,Right To Work,201
rock,Right To Work,201
rock,Moss Garden (1999 Digital Remaster),305
rock,Moss Garden (1999 Digital Remaster),305
pop,Moss Garden (1999 Digital Remaster),305
rock,Moss Garden (1999 Digital Remaster),305
pop,Light Of A Clear Blue Morning,294
pop,The Son Of Hickory Holler's Tramp,189
rock,Seventeen,130
rock,Seventeen,130
rock,Pretty Vacant,195
rock,Pretty Vacant,195
rock,Looking For A Kiss,191
rock,Looking For A Kiss,191
rock,I'm So Bored With The U.S.A.,141
rock,I'm So Bored With The U.S.A.,141
rock,3 + 3,576
rock,3 + 3,576
rock,New Pony,279
rock,New Pony,279
pop,Sloppy (I Saw My Baby Gettin'),160
rock,Leaders Of Men,141
rock,Move On,192
rock,Move On,192
reggae,Soon Come (2002 Digital Remaster),238
reggae,Stand Firm (2002 Digital Remaster),371
pop,Baby (LP Version),190
pop,Baby (LP Version),190
rock,Baby (LP Version),190
rock,Rainbow Eyes,454
reggae,Ku Klux Klan,231
rock,So Lonely,290
rock,Falling In Love,185
rock,Falling In Love,185
rock,Falling In Love,185
rock,Falling In Love,185
rock,Falling In Love,185
rock,Falling In Love,185
rock,Don't Mess With Me (2006 Digital Remaster),204
rock,Don't Mess With Me (2006 Digital Remaster),204
rock,Don't Mess With Me (2006 Digital Remaster),204
rock,Don't Mess With Me (2006 Digital Remaster),204
rock,Reefer Head Woman,242
rock,Reefer Head Woman,242
rock,Reefer Head Woman,242
rock,Decide,302
rock,Decide,302
reggae,You Better Stop,412
rock,The Man with the Dogs,182
pop,Soo Bawlz,141
reggae,Down the Line,219
jazz,Joe Avery's Piece,192
pop,Joe Avery's Piece,192
rock,Joe Avery's Piece,192
rock,The Suit,209
rock,Death Or Glory,228
rock,Death Or Glory,228
rock,Mr. Sellack (Album Version),244
rock,Anyway_ Anyhow_ Anywhere,170
rock,Anyway_ Anyhow_ Anywhere,170
rock,Anyway_ Anyhow_ Anywhere,170
rock,Jealous Again,136
reggae,Civilized Reggae,355
reggae,People Never Give Up,349
rock,Kill the Poor,185
rock,Passover,129
pop,Hey Louise,181
rock,Hey Louise,181
rock,Lose This Skin,309
rock,Lose This Skin,309
rock,Man In A Suitcase,137
rock,Voices Inside My Head,233
rock,It's Bad For Me (Album Version),166
rock,Fool For Your Loving,250
rock,Fool For Your Loving,250
rock,Fool For Your Loving,250
rock,Fool For Your Loving,250
rock,Room 13,80
rock,Police Story,92
pop,Going Under,206
pop,Baltimore Oriole (2004 Digital Remaster),239
rock,Baltimore Oriole (2004 Digital Remaster),239
pop,(We Don't Need This) Fascist Groove Thang,255
pop,I'm Your Money (12'' Extended Version) (2006 Digital Remaster),311
rock,Merry-Go-Round,201
jazz,I'm Not Moving,155
pop,I'm Not Moving,155
rock,I'm Not Moving,155
rock,I'm Not Moving,155
rock,I'm Not Moving,155
rock,Can't Happen Here,300
pop,Careful In Career,309
rock,Careful In Career,309
rock,Careful In Career,309
rock,Doubt,68
rock,Doubt,68
pop,Doubt,68
rock,Doubt,68
rock,Primary,210
rock,Primary,210
pop,Primary,210
rock,Primary,210
rock,Start Me Up,242
reggae,Start Me Up,242
rock,Start Me Up,242
rock,Start Me Up,242
rock,It Only Takes Two To Tango,218
rock,It Only Takes Two To Tango,218
rock,It Only Takes Two To Tango,218
rock,8th Wonder,451
rock,October,142
rock,"Dirty Movies"" (Album Version)",248
rock,Make That Money (Scrooge's Song) (Album Version),209
rock,Make That Money (Scrooge's Song) (Album Version),209
rock,Make That Money (Scrooge's Song) (Album Version),209
rock,Make That Money (Scrooge's Song) (Album Version),209
rock,Make That Money (Scrooge's Song) (Album Version),209
rock,Goin' To The River,211
rock,Goin' To The River,211
rock,Goin' To The River,211
rock,Goin' To The River,211
rock,Goin' To The River,211
rock,Doing Time (Album Version),181
rock,Doing Time (Album Version),181
rock,Crass Commercialism,1030
electronica,To Go Home,271
electronica,The Story Of An Artist,297
rock,Baal's Hymn,243
rock,Baal's Hymn,243
pop,Baal's Hymn,243
rock,Baal's Hymn,243
rock,Halloween,217
pop,I'm Not A Loser,89
rock,Poor Tom (Album Version),182
rock,Poor Tom (Album Version),182
rock,Poor Tom (Album Version),182
rock,Poor Tom (Album Version),182
rock,Poor Tom (Album Version),182
rock,Hit The Lights,252
rock,Hit The Lights,252
rock,Hit The Lights,252
rock,Metal Militia,311
rock,Metal Militia,311
rock,Metal Militia,311
jazz,I Cannot Believe It's True,316
pop,I Cannot Believe It's True,316
rock,I Cannot Believe It's True,316
rock,I Cannot Believe It's True,316
rock,I Cannot Believe It's True,316
rock,Stumble,340
rock,Stumble,340
pop,Stumble,340
rock,Stumble,340
rock,Stumble,340
rock,Murder In The Graveyard,184
reggae,Man No Sober (LP Version),266
rock,Inoculated City,131
rock,Inoculated City,131
rock,Losing True (Album Version),295
pop,Windpower (2009 Digital Remaster),259
rock,Windpower (2009 Digital Remaster),259
pop,One Of Our Submarines,310
rock,One Of Our Submarines,310
pop,Windpower,265
rock,Windpower,265
pop,She Blinded Me With Science,223
rock,She Blinded Me With Science,223
electronica,Desperate Man Blues,220
pop,Come Live With Me (12'' Extended Version) (2006 Digital Remaster),274
jazz,I've Been Missin' You,256
rock,(This Is Not A) Love Song (Live),388
rock,This Is Not A Love Song,252
rock,There She Goes Again,164
rock,There She Goes Again,164
pop,There She Goes Again,164
rock,There She Goes Again,164
rock,There She Goes Again,164
pop,Hunter And The Hunted (Live),352
rock,Hunter And The Hunted (Live),352
rock,Hunter And The Hunted (Live),352
pop,Playboy,323
rock,Playboy,323
reggae,Playboy,323
rock,King Of Pain,318
rock,Wrapped Around Your Finger,314
rock,House Of Pain,199
rock,Other Side Of Antarctica,417
rock,Other Side Of Antarctica,417
pop,Dance Hall Days,235
rock,Dance Hall Days,235
rock,This Guitar Says Sorry,154
rock,This Guitar Says Sorry,154
rock,This Guitar Says Sorry,154
rock,Working On The Highway,192
rock,Working On The Highway,192
electronica,Oh No,238
pop,The 4th Dimension (LP Version),264
pop,Brillantin' Brutal',228
pop,Brillantin' Brutal',228
rock,Brillantin' Brutal',228
rock,Shed So Many Tears,136
rock,Shed So Many Tears,136
rock,Shed So Many Tears,136
rock,Shed So Many Tears,136
pop,Girl You're So Together,189
pop,Girl You're So Together,189
rock,Girl You're So Together,189
pop,Brooklyn On A Saturday Night,225
rock,Brooklyn On A Saturday Night,225
rock,The Order Of Death,289
rock,Hard Times,235
rock,It's Like That,250
rock,Te Hacen Falta Vitaminas,225
rock,Te Hacen Falta Vitaminas,225
rock,The Attitude Song,694
rock,The Attitude Song,694
rock,The Attitude Song,694
rock,Salamanders In The Sun,306
rock,Salamanders In The Sun,306
rock,Salamanders In The Sun,306
pop,Light,79
rock,Light,79
reggae,Light,79
pop,Help Youngblood Get To the Freaky Party,346
rock,Help Youngblood Get To the Freaky Party,346
reggae,Help Youngblood Get To the Freaky Party,346
rock,Drive,235
pop,Screen Kiss,329
rock,Screen Kiss,329
reggae,Sweet & Dandy,170
rock,Sweet & Dandy,170
rock,Sweet & Dandy,170
reggae,Sweet & Dandy,170
rock,Out Of This World,133
rock,Only Lonely,302
pop,Only Lonely,302
rock,Only Lonely,302
rock,Josephine,308
rock,Josephine,308
rock,Does It Float,199
pop,Tous Les Garçons Et Les Filles,207
rock,Tous Les Garçons Et Les Filles,207
pop,Tous Les Garçons Et Les Filles,207
rock,Song Of The Valley,307
rock,Song Of The Valley,307
rock,Song Of The Valley,307
pop,Into The Groove,285
pop,Into The Groove,285
jazz,One More Night,286
pop,One More Night,286
rock,One More Night,286
rock,One More Night,286
rock,One More Night,286
rock,Ease,492
rock,King Of Rock,446
rock,Jam-Master Jammin',260
rock,Slow And Low,266
rock,American Ghost Dance (2003 Digital Remastered),231
rock,American Ghost Dance (2003 Digital Remastered),231
pop,American Ghost Dance (2003 Digital Remastered),231
rock,American Ghost Dance (2003 Digital Remastered),231
rock,Mas Que Nada,267
rock,Life Is Wild,160
rock,Life Is Wild,160
rock,Stephanie Says,171
rock,Stephanie Says,171
rock,Stephanie Says,171
rock,Raise Your Hands,311
pop,Raise Your Hands,311
rock,Raise Your Hands,311
rock,Driving Home For Christmas,241
rock,Driving Home For Christmas,241
pop,Orgofart,141
pop,Cheer,184
pop,Missionary Man,270
rock,Missionary Man,270
pop,Missionary Man,270
pop,A Little Of You,237
rock,A Little Of You,237
pop,A Little Of You,237
rock,Mama Kin,237
rock,Mama Kin,237
pop,When I Think Of You,235
jazz,Don't Make Me Wait For Love,286
reggae,Tonight Will Be Alright,307
pop,Papa Don't Preach,270
pop,Papa Don't Preach,270
rock,Papa Legba (2005 Digital Remaster),356
rock,Papa Legba (2005 Digital Remaster),356
rock,Angel,335
rock,Angel,335
rock,Angel,335
rock,Floating,491
rock,Floating,491
rock,I Know You Got Soul,282
rock,Haunted House,155
rock,Haunted House,155
rock,You're Crazy,285
rock,You're Crazy,285
rock,Sweet Child O' Mine,445
rock,Sweet Child O' Mine,445
rock,Olive Oil,157
rock,Midnight,186
rock,Midnight,186
rock,Echo,470
rock,Echo,470
rock,Down And Out In Paradise,217
pop,Down And Out In Paradise,217
rock,Down And Out In Paradise,217
rock,Down And Out In Paradise,217
pop,Dirty Diana,282
pop,Dirty Diana,282
rock,Dirty Diana,282
rock,Wild Side,249
rock,Persiana Americana (Live),344
rock,Persiana Americana (Live),344
jazz,Bata 6/8,363
pop,Love My Way,159
rock,What It Takes,314
rock,What It Takes,314
rock,What It Takes,314
rock,Destined To Win,204
rock,Follow The Leader,335
rock,Comeback,126
rock,Devil's Daughter,263
rock,Patience,402
rock,Patience,402
rock,"Wrote For Luck (12"" - Remastered version)",343
rock,Performance (Remastered),243
pop,Make It Funky (Album Version),68
rock,Standing In The Shower... Thinking ( LP Version ),185
rock,Raise Your Hand,138
rock,Raise Your Hand,138
rock,Raise Your Hand,138
rock,Raise Your Hand,138
rock,Raise Your Hand,138
rock,I'm Your Witchdoctor,129
rock,I'm Your Witchdoctor,129
jazz,Two Hearts,204
pop,Two Hearts,204
rock,Two Hearts,204
rock,Two Hearts,204
rock,Two Hearts,204
jazz,Exodus,205
pop,Exodus,205
pop,Exodus,205
jazz,Stormy Weather,196
pop,Stormy Weather,196
pop,Stormy Weather,196
rock,Crack,102
rock,Run's House,202
rock,Miss Elaine,185
reggae,Push It,208
rock,God Save the Queen (Live),217
rock,God Save the Queen (Live),217
rock,Terapia De Amor Intensiva,340
rock,Terapia De Amor Intensiva,340
rock,Janie's Got A Gun,330
rock,Janie's Got A Gun,330
rock,Janie's Got A Gun,330
rock,Shadrach,248
rock,Shadrach,248
rock,Shadrach,248
jazz,Chim Chim Cheree,471
pop,Soldats Ne Tirez Pas,192
rock,L'Homme De Paille,143
rock,Hear My Train A Comin',450
rock,Hear My Train A Comin',450
rock,Hear My Train A Comin',450
rock,Hear My Train A Comin',450
rock,Hear My Train A Comin',450
rock,Hear My Train A Comin',450
rock,Guilty Partner,288
rock,Guilty Partner,288
pop,Guilty Partner,288
rock,Sin,243
rock,Sin,243
rock,Sin,243
rock,Sin,243
pop,Sin,243
rock,I Know Somethin (Bout You),262
rock,I Know Somethin (Bout You),262
rock,I Love You More Than You'll Ever Know (LP Version),323
pop,Praying For Time,281
pop,Praying For Time,281
rock,Praying For Time,281
rock,Grandbag's Funeral,201
rock,Main Street Eyes,221
rock,Main Street Eyes,221
rock,Main Street Eyes,221
rock,Main Street Eyes,221
rock,Main Street Eyes,221
rock,Main Street Eyes,221
rock,5 Foot 1,301
rock,5 Foot 1,301
rock,5 Foot 1,301
rock,5 Foot 1,301
rock,5 Foot 1,301
rock,5 Foot 1,301
pop,Hack 1/Charlie X,212
pop,Slipping Away/Here Is Kazmeyer,252
rock,Commercial Reign,284
rock,Commercial Reign,284
rock,Commercial Reign,283
rock,Commercial Reign,283
rock,Obvious ( LP Version ),356
rock,Ain't No Right ( LP Version ),215
pop,Someday,237
pop,Someday,237
rock,Les Fleurs,198
electronica,Chime (edit),192
electronica,Chime (edit),192
jazz,You Can't Hurry Love (Live),174
pop,You Can't Hurry Love (Live),174
rock,You Can't Hurry Love (Live),174
rock,You Can't Hurry Love (Live),174
rock,You Can't Hurry Love (Live),174
rock,Faces,268
rock,Bob Your Head,228
rock,Entre Caníbales,247
rock,Entre Caníbales,247
pop,Better Ways,224
pop,How Can You Resist It,329
rock,How Can You Resist It,329
reggae,How Can You Resist It,329
rock,We Three Kings,329
rock,Procession,574
rock,Procession,574
rock,Twilight,298
rock,Twilight,298
rock,Milkcow Blues,256
rock,Milkcow Blues,256
rock,Milkcow Blues,256
rock,City Of Screaming Statues,286
reggae,Lively Up Yourself,173
reggae,Lively Up Yourself,173
reggae,Motownphilly,246
reggae,Tumble Down,218
jazz,It Don't Mean A Thing (If It Ain't Got That Swing),229
rock,Right to Work (Live),146
rock,Right to Work (Live),146
rock,Green Mind,299
rock,Whatever's Cool With Me (LP Version),271
pop,Junge Römer,271
pop,Junge Römer,271
rock,Junge Römer,271
rock,Step Up,199
rock,Locomotive (Complicity),525
rock,Locomotive (Complicity),525
rock,El Mar No Cesa (Live),199
rock,The Money Will Roll Right In,166
pop,Life's Railway To Heaven,175
rock,Life's Railway To Heaven,175
rock,Life's Railway To Heaven,175
rock,Life's Railway To Heaven,175
rock,Music For The Head,162
rock,Music For The Head,162
rock,Music For The Head,162
rock,Naked In The Rain (Album Version),266
rock,Naked In The Rain (Album Version),266
pop,Naked In The Rain (Album Version),266
rock,Naked In The Rain (Album Version),266
rock,The Greeting Song (Album Version),193
rock,The Greeting Song (Album Version),193
pop,The Greeting Song (Album Version),193
rock,The Greeting Song (Album Version),193
pop,The Beginning (Giro E Giro Mix),368
pop,The Beginning (Giro E Giro Mix),368
pop,See The Lights (2002 Digital Remaster),262
rock,See The Lights (2002 Digital Remaster),262
rock,See The Lights (2002 Digital Remaster),262
rock,Slaves & Bulldozers,416
rock,Slaves & Bulldozers,416
reggae,We Can Do It,237
rock,I Don't Know,275
rock,Hunger Strike,244
rock,Hunger Strike,244
rock,Hunger Strike,244
rock,What Evil Lurks,266
electronica,What Evil Lurks,266
electronica,What Evil Lurks,266
pop,Born To Be Together,178
rock,Born To Be Together,178
rock,Brother,267
rock,Brother,267
rock,God Smack,231
rock,God Smack,231
rock,Sickman,329
rock,Sickman,329
rock,Angry Chair,262
rock,Angry Chair,262
rock,Would?,223
rock,Would?,223
pop,Little Bird,385
rock,Little Bird,385
rock,My God  (Audio Adrenaline Album Version),219
rock,Fertile Crescent (bonus track),139
rock,Fertile Crescent (bonus track),139
rock,Fools Like You,281
rock,Fools Like You,281
reggae,Smile Jamaica,308
reggae,Smile Jamaica,308
rock,Dr. Bernice,381
rock,Dr. Bernice,381
electronica,Hunting,398
pop,Monarchy Now,253
pop,Monarchy Now,253
rock,Monarchy Now,253
rock,Nothing's The Same,305
rock,Nothing's The Same,305
rock,Nothing's The Same,305
rock,Nothing's The Same (2002 Digital Remaster),307
rock,Nothing's The Same (2002 Digital Remaster),307
rock,Nothing's The Same (2002 Digital Remaster),307
rock,Give It,258
rock,This Ain't Pleasure,163
rock,Stickin In My Eye,145
rock,Stickin In My Eye,145
jazz,Mr. Wonderful,201
pop,Mr. Wonderful,201
reggae,Jam 4 U,186
rock,Scientas,338
rock,Phorever People,292
reggae,Them No Care,216
reggae,Oh It's You,230
rock,Sting Me,349
rock,Sting Me,349
rock,Sting Me,349
rock,Sting Me,349
rock,Sting Me,349
rock,Music And Politics,242
rock,Washed Away,320
rock,40,407
rock,Cryin',309
rock,Cryin',309
rock,Cryin',309
rock,Crazy,320
rock,Crazy,320
rock,Crazy,320
rock,Livin' On The Edge,324
rock,Livin' On The Edge,324
rock,Livin' On The Edge,324
rock,Crazy,319
rock,Crazy,319
rock,Crazy,319
reggae,Searching,257
reggae,Searching,257
rock,Tripping Billies,289
rock,Tripping Billies,289
pop,Be Stiff (Live),175
pop,Again,227
pop,Hold On Baby,10
pop,Again (Instrumental),232
pop,Reuben James,167
pop,Anytime You Need A Friend,652
pop,Anytime You Need A Friend,652
rock,Between Me & You Kid (Album Version),218
rock,The Hood Comes First (LP Version),217
rock,New Morning (Live),202
jazz,Please Come Out Tonight,347
pop,Please Come Out Tonight,347
rock,Please Come Out Tonight,347
rock,Please Come Out Tonight,347
rock,Please Come Out Tonight,347
jazz,Everyday,343
pop,Everyday,343
rock,Everyday,343
rock,Everyday,343
rock,Everyday,343
rock,Can I Get A Witness,217
rock,Vegetable (Live),188
rock,Vegetable (Live),188
pop,Vegetable (Live),188
rock,Vegetable (Live),188
rock,Vegetable (Live),188
rock,Stop Whispering (US Version),251
rock,Stop Whispering (US Version),251
pop,Stop Whispering (US Version),251
rock,Stop Whispering (US Version),251
rock,Stop Whispering (US Version),251
pop,If I Run,259
pop,Belleza Pasajera,190
pop,En La Tierra Caliente,232
rock,Passin' Me By,303
rock,Rocket,247
pop,Rocket,247
rock,Rocket,247
rock,Rocket,247
rock,Rocket,247
rock,Rocket,247
rock,Rocket,247
jazz,Mambo Tipico,180
jazz,Mambo Suavecito,178
rock,Crackbabies,243
pop,Harry Flowers,271
pop,The Monkey King,315
pop,Deus Ex Machina,340
rock,Infected,248
rock,Infected,248
pop,Don't Sit Under The Apple Tree,172
rock,Don't Sit Under The Apple Tree,172
rock,Don't Sit Under The Apple Tree,172
rock,Get It Together,246
rock,Get It Together,246
rock,Get It Together,246
rock,Eugene's Lament,133
rock,Eugene's Lament,133
rock,Eugene's Lament,133
reggae,On Bended Knee,329
rock,Don't Want To Know (1999 Digital Remaster),247
rock,Wildcat Days (1999 Digital Remaster),274
pop,Le chanteur malheureux,197
rock,On The Brink,194
jazz,Here Comes The Big Parade,252
pop,Here Comes The Big Parade,252
rock,Here Comes The Big Parade,252
pop,So Hot,82
rock,So Hot,82
pop,Rollercoasting,175
rock,Rollercoasting,175
rock,Street Crab,212
rock,Tic,220
rock,Party In The Sky,232
rock,Party In The Sky,232
rock,Voodoo Chile Blues,528
rock,Voodoo Chile Blues,528
rock,Voodoo Chile Blues,528
rock,Voodoo Chile Blues,528
rock,Voodoo Chile Blues,528
rock,Voodoo Chile Blues,528
rock,Baggage,199
pop,Bedtime Story (Album Version),249
pop,Bedtime Story (Album Version),249
rock,My Heart Is Yearning,144
rock,My Heart Is Yearning,144
rock,Loverman,382
rock,Memorabilia,442
rock,Memorabilia,442
rock,Memorabilia,442
rock,Memorabilia,442
pop,Memorabilia,442
electronica,Are We Here ?,934
electronica,Are We Here ?,934
electronica,Forever,478
electronica,Forever,478
pop,Alimony,232
rock,Ballad In Urgency,339
rock,Ballad In Urgency,339
rock,Ballad In Urgency,339
rock,Ballad In Urgency,339
rock,Ballad In Urgency,339
rock,Nonfiction,256
rock,Nonfiction,256
rock,Nonfiction,256
rock,Nonfiction,256
rock,Nonfiction,256
rock,Rise & Shine,211
pop,Rise & Shine,211
rock,Rise & Shine,211
rock,Rise & Shine,211
pop,A Whiter Shade Of Pale,317
rock,A Whiter Shade Of Pale,317
rock,Flat Earth Society (Album Version),141
rock,Flat Earth Society (Album Version),141
pop,(I Heard That) Lonesome Whistle,164
rock,(I Heard That) Lonesome Whistle,164
rock,(I Heard That) Lonesome Whistle,164
rock,This Ain't A Love Song,433
pop,This Ain't A Love Song,433
rock,This Ain't A Love Song,433
pop,Everybody Loves Me But You,151
rock,Everybody Loves Me But You,151
rock,Shake Some Action,264
rock,Shake Some Action,264
electronica,Da Funk,330
pop,Si Juras Regresar,264
electronica,Salva Mea,222
rock,X-Static,253
rock,X-Static,253
rock,X-Static,253
rock,X-Static,253
rock,Don't Know How To Be,215
rock,Your Head,201
pop,Here Comes The Hotstepper,249
pop,Here Comes The Hotstepper,243
pop,HISTORY,250
pop,HISTORY,250
rock,HISTORY,250
pop,Tabloid Junkie,273
pop,Tabloid Junkie,273
rock,Tabloid Junkie,273
pop,You Found Me,151
rock,You Found Me,151
rock,You Found Me,151
pop,Drum Machine Joy,215
rock,Drum Machine Joy,215
rock,Drum Machine Joy,215
pop,I Cried All The Way To The Altar,148
rock,I Cried All The Way To The Altar,148
rock,I Cried All The Way To The Altar,148
rock,I Cried All The Way To The Altar,148
rock,Bullet Proof ... I Wish I Was (Acoustic),215
rock,Bullet Proof ... I Wish I Was (Acoustic),215
pop,Bullet Proof ... I Wish I Was (Acoustic),215
rock,Bullet Proof ... I Wish I Was (Acoustic),215
rock,Bullet Proof ... I Wish I Was (Acoustic),215
rock,Transamazonia (Deep Dish No Doze Mix),600
pop,Raining On Our Love,279
rock,Raining On Our Love,279
pop,Raining On Our Love,279
rock,Raining On Our Love,279
rock,Suicidal Dream,192
rock,Suicidal Dream,192
pop,Suicidal Dream,192
rock,Suicidal Dream,192
rock,Suicidal Dream,192
rock,Cicada,312
rock,Cicada,312
pop,Cicada,312
rock,Cicada,312
rock,Cicada,312
pop,Sayin' Dope,366
pop,Little Louie Bonus,383
rock,The Hustle,335
rock,Christlike Roche,338
rock,Rotten Apples,184
pop,Rotten Apples,184
rock,Rotten Apples,184
rock,Rotten Apples,184
rock,Rotten Apples,184
rock,Rotten Apples,184
rock,Rotten Apples,184
rock,This Is Where It Ends (Album Version),173
rock,This Is Where It Ends (Album Version),173
rock,This Is Where It Ends (Album Version),173
pop,This Is Where It Ends (Album Version),173
rock,This Is Where It Ends (Album Version),173
pop,Like Dylan In The Movies,251
pop,Like Dylan In The Movies,251
pop,Like Dylan In The Movies,251
rock,Like Dylan In The Movies,251
pop,I Could Be Dreaming,227
pop,I Could Be Dreaming,227
pop,I Could Be Dreaming,227
rock,I Could Be Dreaming,227
electronica,Happy Cycling,473
electronica,Happy Cycling,473
reggae,Corner Stone,135
reggae,Corner Stone,135
pop,"Because You Loved Me (Theme from ""Up Close and Personal"")",275
rock,Sound Clash,262
rock,Sound Clash (featuring Beenie Man) - FattaSly Extended Mix,414
electronica,Drifting Away,247
rock,We Have All The Time In The World,221
pop,Resurrection Man,242
pop,We Blame Love,287
pop,Reminisce For A While (Sung With Raul Malo),268
rock,Reminisce For A While (Sung With Raul Malo),268
rock,Stagger Lee,315
jazz,Dance Into The Light (LP Version),262
pop,Dance Into The Light (LP Version),262
rock,Dance Into The Light (LP Version),262
rock,Dance Into The Light (LP Version),262
rock,Dance Into The Light (LP Version),262
jazz,That's What You Said  (LP Version),261
pop,That's What You Said  (LP Version),261
rock,That's What You Said  (LP Version),261
rock,That's What You Said  (LP Version),261
rock,That's What You Said  (LP Version),261
rock,Ready To Go,304
electronica,Ready To Go,304
rock,Ready To Go,304
rock,Soul Simplicity,275
electronica,Soul Simplicity,275
rock,Soul Simplicity,275
rock,Soul Simplicity,275
rock,Kill Your Darlings,201
electronica,Kill Your Darlings,201
rock,Kill Your Darlings,201
rock,Kill Your Darlings,201
rock,Brother,305
rock,Brother,305
rock,Brother,305
rock,War?,160
rock,War?,160
rock,War?,160
rock,War?,160
rock,Girl From A Pawnshop,405
rock,Girl From A Pawnshop,405
rock,Girl From A Pawnshop,405
rock,Girl From A Pawnshop,405
rock,Girl From A Pawnshop,405
rock,Iron Man,260
pop,Iron Man,260
rock,Iron Man,260
rock,Iron Man,260
rock,Firestarter,225
electronica,Firestarter,225
electronica,Firestarter,225
rock,Heal (The Separation) [H.E.L.P Breakbeat],248
rock,Heal (The Separation) [PM Dawn Alt. Lead Mix],280
reggae,It's You,128
rock,It's You,128
rock,It's You,128
reggae,It's You,128
rock,Some Kind Of Zombie (Criscoteque Remix),280
pop,A New Hope,225
pop,A New Hope,225
rock,A New Hope,225
rock,A New Hope,225
rock,Trying To Get To Heaven,321
rock,Trying To Get To Heaven,321
reggae,Destiny,239
reggae,Destiny,239
jazz,Speak Low,348
pop,Pennies From Heaven,135
electronica,Madazulu,301
electronica,Green And Blue,294
rock,Lotion (LP Version),238
rock,Lotion (LP Version),238
rock,Lotion (LP Version),238
rock,Lotion (LP Version),238
rock,Ghetto Child,318
rock,What Are We Here For,346
rock,What Are We Here For,346
rock,What Are We Here For,346
electronica,All Time Low (Album Version),189
pop,Bubblegum,146
rock,Bubblegum,146
pop,Empty,513
pop,Seek 300,289
rock,Movement 4 [from Kiss] (Album Version),228
rock,Movement 4 [from Kiss] (Album Version),228
rock,Movement 4 [from Kiss] (Album Version),228
rock,Looking Back,157
rock,Looking Back,157
rock,Looking Back,157
rock,Looking Back,157
pop,Honey,301
pop,Honey,301
pop,Outside,286
pop,Outside,286
pop,Honey,314
pop,Honey,314
rock,Afraid,248
pop,Only You,175
jazz,Only You,175
rock,Waiting,417
rock,Waiting,417
rock,Waiting,417
rock,Subterranean Homesick Alien,267
rock,Subterranean Homesick Alien,267
pop,Subterranean Homesick Alien,267
rock,Subterranean Homesick Alien,267
rock,Subterranean Homesick Alien,267
rock,The Door,213
rock,The Door,213
pop,The Door,213
rock,The Door,213
rock,The Door,213
rock,Roses,209
rock,Roses,209
pop,Roses,209
rock,Roses,209
rock,Roses,209
reggae,Princess Black,274
reggae,Role Model,262
reggae,House of Love,261
rock,Paper Tigers (acoustic version),221
rock,Tearing Everyone Down,175
rock,Tearing Everyone Down,175
rock,Alpha Beta Parking Lot,210
rock,Alpha Beta Parking Lot,210
rock,Alpha Beta Parking Lot,210
rock,Alpha Beta Parking Lot,210
rock,My Life Is Totally Boring Without You,197
rock,My Life Is Totally Boring Without You,197
electronica,Come To Me Tonight,115
rock,Termites in the Bathtub,265
pop,When Jesus Comes Calling For Me,166
pop,Just Don't Give A Fuck,243
pop,Dicen Por Ahi,229
pop,Better Days (Album Version),208
electronica,Take The Long Way Home,275
rock,Love Unlimited (Explicit),206
rock,La Vuelta,187
rock,La Vuelta,187
jazz,Summer Rain,228
rock,House Full Of Bullets,415
rock,House Full Of Bullets,415
rock,"Beneath The Valley Of The Underdog (Album Version + Hidden Track ""Talkin' Randy Tate's..."")",519
rock,Wishlist,235
rock,Wishlist,235
rock,Wishlist,235
rock,Wishlist,235
reggae,I Got A Seecret,210
rock,Pub Pusher,264
electronica,Pub Pusher,264
rock,Pub Pusher,264
pop,Still Love Remains (Album Version),355
pop,Still Love Remains (Album Version),355
pop,When A Man Is Wrong (Album Version),259
pop,When A Man Is Wrong (Album Version),259
pop,Gone To The Movies,232
pop,Secret Smile,280
rock,I'm A Lazy Sod (Live),126
rock,I'm A Lazy Sod (Live),126
jazz,What If I Forget The Champagne,313
rock,What If I Forget The Champagne,313
rock,Paralyzed,297
pop,Paralyzed,297
rock,Paralyzed,297
rock,Paralyzed,297
rock,Marvel Hill,255
pop,Marvel Hill,255
rock,Marvel Hill,255
rock,Marvel Hill,255
rock,Explode,274
pop,Explode,274
rock,Explode,274
rock,Explode,274
jazz,Flight To Jordan,356
reggae,She Will Never Let Me Down,126
rock,She Will Never Let Me Down,126
rock,She Will Never Let Me Down,126
reggae,She Will Never Let Me Down,126
jazz,Le Temps Des Cerises,109
rock,From Afar (Album Version),324
rock,El Greco: Movement III,408
rock,El Greco: Movement III,408
rock,Be Like That,279
rock,Be Like That,279
rock,Be Like That,279
rock,Be Like That,279
rock,Duck And Run,279
rock,Duck And Run,279
rock,Duck And Run,279
rock,Duck And Run,279
rock,This Is NOT a Crass Song,360
rock,This Is NOT a Crass Song,360
pop,Larger Than Life,236
pop,Larger Than Life,236
electronica,La Photo,240
electronica,Jump N Shout Featuring Slarta John (Radio Edit),218
reggae,Small Axe,225
reggae,Small Axe,225
reggae,Memphis,178
reggae,Memphis,178
electronica,Rice Dream Girl,108
rock,Don't Panic,139
pop,Don't Panic,139
rock,Don't Panic,139
rock,Don't Panic,139
rock,Don't Panic,139
jazz,Sunshower,277
pop,Paul,14
rock,Leo's place,247
pop,Let's Make Love (Album Version),253
rock,Carol,195
rock,Next Year,275
rock,Next Year,275
rock,Next Year,275
rock,Next Year,275
rock,Laser Show (LP Version),145
pop,Voici Les Clés,227
rock,Keep The Circle Around,230
rock,Keep The Circle Around,230
pop,Talk About Us,276
pop,Love Is What We Make It,259
electronica,Sometimes,297
rock,Get It For Free,254
rock,Ring The Alarm,237
rock,The Frail,169
rock,The Frail,169
rock,The Frail,169
rock,The Frail,169
pop,The Frail,169
electronica,Adnans,522
electronica,Adnans,522
electronica,I Don't Know You People,468
electronica,I Don't Know You People,468
rock,Every You Every Me (Infected By The Scourge Of The Earth),238
rock,Every You Every Me (Infected By The Scourge Of The Earth),238
rock,Every You Every Me (Infected By The Scourge Of The Earth),238
rock,Every You Every Me (Infected By The Scourge Of The Earth),238
rock,E,366
rock,E,366
rock,Get On Top (Album Version),198
rock,Get On Top (Album Version),198
pop,Get On Top (Album Version),198
rock,Get On Top (Album Version),198
rock,Emit Remmus (Album Version),240
rock,Emit Remmus (Album Version),240
pop,Emit Remmus (Album Version),240
rock,Emit Remmus (Album Version),240
rock,Parallel Universe (Album Version),269
rock,Parallel Universe (Album Version),269
pop,Parallel Universe (Album Version),269
rock,Parallel Universe (Album Version),269
rock,You Can Still Be Free,118
pop,You Can Still Be Free,118
rock,You Can Still Be Free,118
rock,You Can Still Be Free,118
pop,Two Hearts One Love,223
rock,Two Hearts One Love,223
pop,Two Hearts One Love,223
rock,Two Hearts One Love,223
rock,Fever Dream,365
rock,Fever Dream,365
rock,Fever Dream,365
pop,Atrapados En La Red,405
rock,Sugar Coated Sour,144
pop,So deep,380
electronica,The Matter With You (Part I_ Ii_ Iii),652
pop,The Call,236
pop,The Call,236
pop,Shape Of My Heart,174
pop,Shape Of My Heart,174
pop,Everyday,325
pop,Tell Your Momma Come,196
pop,Tell Your Momma Come,196
pop,On My Own,235
pop,On My Own,235
pop,Magic,275
pop,Magic,275
pop,Don't Go Knockin' On My Door,224
pop,Don't Go Knockin' On My Door,224
pop,Don't Go Knockin' On My Door,224
pop,Don't Go Knockin' On My Door,224
pop,Don't Go Knockin' On My Door,224
pop,Can't Make You Love Me,197
pop,Can't Make You Love Me,197
pop,Can't Make You Love Me,197
pop,Can't Make You Love Me,197
pop,Can't Make You Love Me,197
pop,Oops!...I Did It Again,211
pop,Oops!...I Did It Again,211
pop,Oops!...I Did It Again,211
pop,Oops!...I Did It Again,211
pop,Oops!...I Did It Again,211
pop,Genio Atrapado,278
pop,Pero Me Acuerdo De Tí,267
reggae,Assassination,121
reggae,Be Healthy,154
rock,Korea (LP Version),204
rock,Korea (LP Version),204
rock,Korea (LP Version),204
rock,Korea (LP Version),204
rock,God You Are My God,225
rock,God You Are My God,225
rock,God You Are My God,225
pop,The Way I Am,291
pop,The Way I Am,289
pop,The Way I Am,292
pop,I'm Back,312
pop,Shifty Disco Girl,185
rock,Shifty Disco Girl,185
pop,Bigbigkiss,213
rock,Bigbigkiss,213
pop,Fortunate Fool,229
rock,Fortunate Fool,229
rock,Fortunate Fool,229
pop,It's All Understood,216
rock,It's All Understood,216
rock,It's All Understood,216
pop,Inaudible Melodies,207
rock,Inaudible Melodies,207
rock,Inaudible Melodies,207
rock,Hello,232
rock,Pushing Me Away (Album Version),190
rock,Pushing Me Away (Album Version),190
rock,Pushing Me Away (Album Version),190
rock,Pushing Me Away (Album Version),190
rock,Pushing Me Away (Album Version),190
rock,Crawling (Album Version),209
rock,Crawling (Album Version),209
rock,Crawling (Album Version),209
rock,Crawling (Album Version),209
rock,Crawling (Album Version),209
pop,Answer In The Question,130
rock,Answer In The Question,130
rock,Answer In The Question,130
rock,Hell On High Heels,260
rock,Metal,427
rock,Metal,427
rock,Metal,427
rock,Metal,427
pop,Metal,427
pop,Volvere,164
rock,Slave To The Wage,247
rock,Slave To The Wage,247
rock,Slave To The Wage,247
rock,Slave To The Wage,247
rock,Everything In Its Right Place,250
rock,Everything In Its Right Place,250
pop,Everything In Its Right Place,250
rock,Everything In Its Right Place,250
rock,Everything In Its Right Place,250
rock,Kick Out The Jams,202
rock,Kick Out The Jams,202
rock,Kick Out The Jams,202
rock,Much Against Everyone'S Advice (Dave Bascombe Radio Mix),171
electronica,Much Against Everyone'S Advice (Dave Bascombe Radio Mix),171
rock,Much Against Everyone'S Advice (Dave Bascombe Radio Mix),171
rock,Much Against Everyone'S Advice (Dave Bascombe Radio Mix),171
rock,The Sun Shines From You,205
rock,Real Love,250
pop,Real Love,250
rock,Real Love,250
rock,Real Love,250
rock,Real Love,250
rock,Real Love,250
rock,Real Love,250
rock,New York,343
pop,Cavalleria Rusticana,200
pop,Lachen und weinen,335
rock,Spaz's House Destruction Party,184
rock,Spaz's House Destruction Party,184
rock,Unwanted,260
pop,Unwanted,260
rock,Unwanted,260
electronica,Sfm,162
reggae,Problem Inna the System,251
reggae,Rainbow Country (Red Gold And Green Version),258
reggae,Rainbow Country (Red Gold And Green Version),258
pop,Boys,225
pop,Boys,225
pop,Boys,225
pop,Boys,225
pop,Boys,225
rock,Arco Arena,91
rock,Arco Arena,91
rock,Arco Arena,91
rock,Arco Arena,91
electronica,Dying Batteries,51
rock,The Space Between,294
rock,The Space Between,294
pop,There Will Come A Day (Album Version),253
rock,Rock The House (Explicit),250
electronica,Rock The House (Explicit),250
rock,Rock The House (Explicit),250
rock,Rock The House (Explicit),250
rock,Rock The House (Explicit),250
rock,Rock The House (Radio Edit),184
electronica,Rock The House (Radio Edit),184
rock,Rock The House (Radio Edit),184
rock,Rock The House (Radio Edit),184
rock,Rock The House (Radio Edit),184
reggae,Out Deh,217
rock,Just A Phase,354
rock,Just A Phase,354
rock,Warning,292
rock,Warning,292
rock,El Momento,303
rock,El Momento,303
pop,Ain't It Funny,246
pop,Play,212
pop,We Gotta Talk,248
pop,I'm Real,263
pop,Irresistible,216
rock,Peaceful World,219
pop,Peaceful World,219
rock,Peaceful World,219
rock,Peaceful World,219
electronica,I'm Happy She Said,1072
rock,Deep Sea Creature,280
rock,Shadows That Move,234
pop,Heaven Can Wait,289
pop,Heaven Can Wait,289
rock,Heaven Can Wait,289
pop,Time Will Tell,89
rock,Time Will Tell,89
rock,Time Will Tell,89
rock,Bath Of Least Resistance,108
rock,Bath Of Least Resistance,108
pop,Una na na,240
electronica,Illuminate,328
electronica,Illuminate,328
rock,Let's Stay Together (Together Forever),198
rock,Fast-Track,197
rock,Fast-Track,197
pop,Fast-Track,197
rock,Fast-Track,197
rock,Fast-Track,197
reggae,WKYA (drop),124
reggae,Muh- F***a,200
rock,Everchanging,261
rock,Everchanging,261
rock,Everchanging,261
rock,1000 Good Intentions,188
rock,1000 Good Intentions,188
rock,1000 Good Intentions,188
pop,I'm Alive (BT & Sasha Mix),828
pop,I'm Alive (BT & Sasha Mix),828
rock,Fire,363
rock,Fire,363
rock,Fire,363
rock,Streamline,218
rock,Streamline,218
rock,Streamline,218
rock,Streamline,218
rock,Cut Here,251
rock,Cut Here,251
pop,Cut Here,251
rock,Cut Here,251
rock,Soot and Stars,400
pop,Soot and Stars,400
rock,Soot and Stars,400
rock,Soot and Stars,400
rock,Soot and Stars,400
rock,Soot and Stars,400
rock,Soot and Stars,400
rock,Don't Let Go,181
rock,Don't Let Go,181
rock,Don't Let Go,181
pop,Don't Let Go,181
rock,Don't Let Go,181
rock,Don't Let Go,181
rock,Send Me An Angel,237
pop,Mädchen mit Plan,273
rock,Sarah Yellin',209
rock,Sarah Yellin',209
rock,Sarah Yellin',209
rock,Sarah Yellin',209
rock,Here Without You,232
rock,Here Without You,232
rock,Here Without You,232
rock,Here Without You,232
pop,The Mission,245
pop,Year Zero,472
pop,End Of The Beginning,277
electronica,The Date (Remix By Ana Rago),188
rock,The Lie,139
rock,The Lie,139
rock,Epiphany,240
rock,Epiphany,240
rock,You Don't Belong,170
rock,You Don't Belong,170
pop,Love Thing,278
reggae,Feel It Boy (Deep Dish Danchall Remix) (Feat. Janet Jackson),216
rock,The Distance,346
pop,The Distance,346
rock,The Distance,346
rock,Celluloid Heroes,337
pop,Celluloid Heroes,337
rock,Celluloid Heroes,337
rock,Going Down,188
rock,Ja Nun Hons Pris,36
pop,Walk Away,348
pop,Beautiful,237
pop,Cruz,230
rock,One I Love,274
pop,One I Love,274
rock,One I Love,274
rock,One I Love,274
rock,One I Love,274
pop,That Old Gang Of Mine,146
pop,Unsaveable (Album Version),231
rock,Overdrive,270
rock,Overdrive,270
rock,Overdrive,270
rock,Overdrive,270
pop,Still,221
pop,I'm Glad,224
rock,Almost Grown,212
rock,Wendy,261
rock,The Witching Hour,263
rock,The Witching Hour,263
electronica,Thrill Me (Atfc's Jackhammer Re-Rub),483
pop,Clown,197
pop,Clown,197
rock,This Love,178
pop,This Love,178
rock,Harder To Breathe,174
pop,Harder To Breathe,174
rock,She Will Be Loved,262
pop,She Will Be Loved,262
rock,Through With You,182
pop,Through With You,182
rock,Sweetest Goodbye,271
pop,Sweetest Goodbye,271
electronica,The One,285
rock,We Do It Too,385
rock,Kill Miss America (Album Version),148
rock,Swing Swang,246
rock,Family Tree,330
rock,You Are,269
rock,You Are,269
rock,You Are,269
rock,You Are,269
jazz,Testify,393
pop,Testify,393
rock,Testify,393
rock,Testify,393
rock,Testify,393
rock,Strip The Soul (album version),442
rock,Strip The Soul (album version),442
rock,Strip The Soul (album version),442
rock,Everybody's Gonna Be Happy,156
rock,Everybody's Gonna Be Happy,156
rock,Everybody's Gonna Be Happy,156
rock,Everybody's Gonna Be Happy,156
rock,Everybody's Gonna Be Happy,156
rock,Venice Queen (Album Version),367
rock,Venice Queen (Album Version),367
pop,Venice Queen (Album Version),367
rock,Venice Queen (Album Version),367
pop,Hey Sexy Lady,200
rock,Destination Eschaton (Hardfloor Vocal Mix),443
pop,Vienna,231
rock,Dope Nose,137
rock,Dope Nose,137
rock,Dope Nose,137
pop,Dope Nose,137
rock,Dope Nose,137
rock,Dope Nose,137
rock,It's Not Me,230
rock,It's Not Me,230
rock,It's Not Me,230
rock,It's Not Me,230
rock,This House Is Haunted,211
rock,This House Is Haunted,211
rock,This House Is Haunted,211
rock,This House Is Haunted,211
rock,This House Is Haunted,211
pop,Erased,280
rock,Erased,280
rock,Death Of A Nation,116
rock,Death Of A Nation,116
rock,I Don't Wanna be a War Hero,99
rock,I Don't Wanna be a War Hero,99
pop,Stay Loose,402
pop,Stay Loose,402
pop,Stay Loose,402
rock,Stay Loose,402
pop,Be With You,260
pop,Krazy In Luv,255
pop,All Of This,280
pop,All Of This,280
rock,All Of This,280
rock,All Of This,280
pop,"Theme From ""Come September"" (LP Version)",156
rock,"Theme From ""Come September"" (LP Version)",156
rock,"Theme From ""Come September"" (LP Version)",156
pop,Everytime,207
pop,Everytime,207
pop,Everytime,207
pop,Everytime,207
pop,Everytime,207
reggae,Excerpt Of A Speech By Marcus Mosiah Garvey,57
reggae,Excerpt Of A Speech By Marcus Mosiah Garvey,57
jazz,Anyone Who Had A Heart,200
pop,C'est Toujours Le Matin,210
electronica,Attic Room,189
rock,A Rush Of Blood To The Head (Live In Sydney),411
pop,A Rush Of Blood To The Head (Live In Sydney),411
rock,A Rush Of Blood To The Head (Live In Sydney),411
rock,A Rush Of Blood To The Head (Live In Sydney),411
rock,A Rush Of Blood To The Head (Live In Sydney),411
rock,Locust Reign (Live in California),100
rock,Your Revolution Is A Joke,165
pop,Fall Line,136
rock,Fall Line,136
rock,Fall Line,136
reggae,How Can I,240
rock,True Nature,230
rock,Price I Pay,327
pop,Be,250
pop,In This Skin,259
pop,Where Does Rosie Go?,135
rock,Genius,169
rock,Genius,169
rock,Genius,169
rock,Genius,169
rock,Genius,169
rock,Genius,169
rock,Wicker Chair,188
rock,Wicker Chair,188
rock,Wicker Chair,188
rock,Wicker Chair,188
rock,Wicker Chair,188
rock,Wicker Chair,188
rock,Motivator,302
rock,Still In Love,284
rock,Rock Of Gibraltar,180
rock,Saturday Night's Alright (For Fighting),224
rock,Saturday Night's Alright (For Fighting),224
pop,Saturday Night's Alright (For Fighting),224
rock,Saturday Night's Alright (For Fighting),224
jazz,Welcome,217
pop,Welcome,217
rock,Welcome,217
rock,Welcome,217
rock,Welcome,217
rock,Evalia,261
rock,Evalia,261
rock,Evalia,261
rock,Evalia,261
rock,English Summer Rain,242
rock,English Summer Rain,242
rock,English Summer Rain,242
rock,English Summer Rain,242
rock,Where Is My Mind (XFM Live Version),224
rock,Where Is My Mind (XFM Live Version),224
rock,Where Is My Mind (XFM Live Version),224
rock,Where Is My Mind (XFM Live Version),224
electronica,Weighed Down,304
electronica,Contact 00,349
rock,2 + 2 = 5,198
rock,2 + 2 = 5,198
pop,2 + 2 = 5,198
rock,2 + 2 = 5,198
rock,2 + 2 = 5,198
rock,Amber Changing,219
rock,Amber Changing,219
rock,Amber Changing,219
rock,Swing Life Away,200
rock,Swing Life Away,200
rock,Swing Life Away,200
reggae,Love & Devotion,197
pop,Chocolate,182
pop,Spitting Games,230
pop,Wow,242
rock,The World'll Be OK,267
rock,Eriatarka,380
rock,Take The Veil Cerpin Taxt,522
rock,Inertiatic Esp,266
rock,Killing,218
rock,Meet Me In The Bathroom,177
rock,Meet Me In The Bathroom,177
rock,Meet Me In The Bathroom,177
rock,Meet Me In The Bathroom,177
rock,Between Love & Hate,191
rock,Between Love & Hate,191
rock,Between Love & Hate,191
rock,Between Love & Hate,191
rock,Love Ain't No Stranger (2003 Digital Remaster),252
rock,Love Ain't No Stranger (2003 Digital Remaster),252
rock,Love Ain't No Stranger (2003 Digital Remaster),252
rock,Love Ain't No Stranger (2003 Digital Remaster),252
rock,Mosquito Coil,278
rock,Hold On,317
rock,From The Ritz To The Rubble,193
rock,From The Ritz To The Rubble,193
rock,Fake Tales Of San Francisco,178
rock,Fake Tales Of San Francisco,178
rock,Dancing Shoes,141
rock,Dancing Shoes,141
rock,Whitfield,296
rock,Whitfield,296
rock,Taste You,278
rock,How Does It Feel,225
pop,How Does It Feel,225
rock,How Does It Feel,225
rock,Crawlspace,174
rock,Crawlspace,174
rock,Crawlspace,174
pop,Let's Get It Started,223
pop,Let's Get It Started,223
pop,Let's Get It Started,230
pop,Let's Get It Started,230
rock,The Radio Saved My Life Tonight,314
pop,The Radio Saved My Life Tonight,314
rock,The Radio Saved My Life Tonight,314
pop,My Prerogative,213
pop,My Prerogative,213
pop,My Prerogative,213
pop,My Prerogative,213
pop,My Prerogative,213
jazz,How Insensitive,362
rock,Future,312
rock,Romantic Rights (Jesper Dahlback Remix),345
rock,Romantic Rights,195
pop,Ricky Ticky Toc,172
rock,Motorcycle girl,233
electronica,Mass Destruction,260
electronica,Six,143
electronica,I've got Vilking in Me,136
rock,I've got Vilking in Me,136
pop,Amazing,267
pop,Amazing,267
rock,Amazing,267
pop,Shoot The Dog,309
pop,Shoot The Dog,309
rock,Shoot The Dog,309
pop,What You Waiting For?,225
pop,What You Waiting For?,225
pop,What You Waiting For?,225
pop,What You Waiting For?,225
rock,What You Waiting For?,225
pop,Harajuku Girls,291
pop,Harajuku Girls,291
pop,Harajuku Girls,291
pop,Harajuku Girls,291
rock,Harajuku Girls,291
rock,Everybody Loves You,207
electronica,Ass Attack (Four Tet Remix),181
rock,A Crow Left Of The Murder,228
rock,A Crow Left Of The Murder,228
rock,Les Playboys (Version Espagnole),189
pop,My Baby (Feat. Kanye West),257
rock,Since You're In Love,261
rock,Going Out West,148
pop,Take My Breath Away,196
rock,When She Dances,294
pop,Mi Morena (Revised Live Version),286
pop,Mi Morena (Revised Live Version),286
pop,Under The Weather,217
rock,Day Old Blues,213
rock,Day Old Blues,213
rock,Day Old Blues,213
rock,Day Old Blues,213
rock,Day Old Blues,213
rock,Day Old Blues,213
rock,Headsprung,270
reggae,In My Dreams,296
rock,Annie's Angle,182
rock,Annie's Angle,182
rock,All My Senses,251
rock,All My Senses,251
rock,Megalodon,263
rock,Jenny Take a Ride,207
pop,Grey Skies Turn Blue,184
rock,Grey Skies Turn Blue,184
rock,Grey Skies Turn Blue,184
pop,You Know What They Do To Guys Like Us In Prison (Album Version),174
pop,Interlude (Album Version),57
rock,Nightly Cares,249
rock,Nightly Cares,249
rock,Don't Worry About It (Edited),222
pop,These Words,377
pop,These Words,377
rock,After Hours,164
rock,After Hours,164
pop,After Hours,164
pop,After Hours,164
rock,After Hours,164
rock,The Meantime,209
rock,The Meantime,209
pop,The Meantime,209
pop,The Meantime,209
rock,The Meantime,209
rock,Here I Am,121
rock,Here I Am,121
pop,Here I Am,121
pop,Here I Am,121
rock,Here I Am,121
rock,Final Straw (Album Version),246
rock,Final Straw (Album Version),246
pop,Final Straw (Album Version),246
rock,Final Straw (Album Version),246
rock,Final Straw (Album Version),246
rock,State Of The Union,139
rock,State Of The Union,139
rock,State Of The Union,139
rock,Chatterbox,189
rock,Chatterbox,189
rock,Citizen Of The Planet,194
rock,Citizen Of The Planet,194
pop,Chelsea Girl (Live),308
rock,Chelsea Girl (Live),308
rock,Chelsea Girl (Live),308
pop,Half The Fun,175
rock,I Am Fred Astaire (Album Version),223
rock,Lost,232
rock,Lost,232
pop,Lost,232
rock,Lost,232
rock,Setting Fire to Sleeping Giants,208
rock,Show You How,166
rock,Show You How,166
rock,Show You How,166
rock,Italian For Goodbye (skit),12
rock,Homegrown,139
rock,Storm,218
rock,The Climb/Paranoia,247
rock,Vertigo,451
rock,Preparation,102
rock,Preparation,102
rock,Mykel And Carli,172
rock,Mykel And Carli,172
rock,Mykel And Carli,172
pop,Mykel And Carli,172
rock,Mykel And Carli,172
rock,Mykel And Carli,172
rock,Dimension,261
pop,Hunter,235
rock,Need To Shout,249
rock,Living Underground,220
rock,Take It For Granted,250
electronica,Pop A Cap In Yo' Ass,389
pop,Check On It,211
rock,Up On That Cloud,213
rock,Up On That Cloud,213
rock,Wildflower,254
pop,Wildflower,254
rock,Wildflower,254
pop,Someday (I Will Understand),1
pop,Someday (I Will Understand),1
pop,Someday (I Will Understand),1
pop,Someday (I Will Understand),1
pop,Someday (I Will Understand),1
rock,Suffocating Under Words Of Sorrow (What Can I Do),216
rock,4 Words (To Choke Upon),224
rock,Speed Of Sound (Live),285
pop,Speed Of Sound (Live),285
rock,Speed Of Sound (Live),285
rock,Speed Of Sound (Live),285
rock,Speed Of Sound (Live),285
rock,The World Turned Upside Down,269
pop,The World Turned Upside Down,269
rock,The World Turned Upside Down,269
rock,The World Turned Upside Down,269
rock,The World Turned Upside Down,269
rock,Things I Don't Understand,296
pop,Things I Don't Understand,296
rock,Things I Don't Understand,296
rock,Things I Don't Understand,296
rock,Things I Don't Understand,296
rock,Free (Album Version),278
rock,Free (Album Version),278
pop,Until You Love Someone,166
rock,No Ordinary Love (Remastered LP Version),335
rock,No Ordinary Love (Remastered LP Version),335
rock,No Ordinary Love (Remastered LP Version),335
rock,No Ordinary Love (Remastered LP Version),335
pop,I Want You (Album Version),246
rock,Hell,117
rock,Hell,117
rock,Hell,117
rock,Hell,117
rock,Razor,288
rock,Razor,288
rock,Razor,288
rock,Razor,288
rock,Still,313
rock,Still,313
rock,Still,313
rock,Still,313
rock,Janice's Party,166
rock,Eleanor Put Your Boots On,195
rock,Eleanor Put Your Boots On,195
pop,Eleanor Put Your Boots On,195
rock,Eleanor Put Your Boots On,195
rock,Eleanor Put Your Boots On,195
rock,Do You Want To,215
rock,Do You Want To,215
pop,Do You Want To,215
rock,Do You Want To,215
rock,Do You Want To,215
rock,All The Rage (Clean Album Version),217
rock,Rockin' Every Night (Live),199
rock,Rockin' Every Night (Live),199
rock,Rockin' Every Night (Live),199
rock,White Light,128
electronica,White Light,128
rock,White Light,128
rock,White Light,128
rock,White Light,128
rock,November Has Come,161
electronica,November Has Come,161
rock,November Has Come,161
rock,November Has Come,161
rock,November Has Come,161
rock,Dirty Harry (Single Edit),230
electronica,Dirty Harry (Single Edit),230
rock,Dirty Harry (Single Edit),230
rock,Dirty Harry (Single Edit),230
rock,Dirty Harry (Single Edit),230
rock,All Alone (Live),219
electronica,All Alone (Live),219
rock,All Alone (Live),219
rock,All Alone (Live),219
rock,All Alone (Live),219
rock,Wake Me Up When September Ends (Live at Foxboro_ MA 9/3/05),341
pop,Wake Me Up When September Ends (Live at Foxboro_ MA 9/3/05),341
pop,Wake Me Up When September Ends (Live at Foxboro_ MA 9/3/05),341
pop,Wake Me Up When September Ends (Live at Foxboro_ MA 9/3/05),341
pop,Wake Me Up When September Ends (Live at Foxboro_ MA 9/3/05),341
pop,Wake Me Up When September Ends (Live at Foxboro_ MA 9/3/05),341
rock,Wake Me Up When September Ends (Live at Foxboro_ MA 9/3/05),341
rock,Wake Me Up When September Ends (Live at Foxboro_ MA 9/3/05),341
pop,Simple Livin' (Album Version),186
pop,To Bob Ross With Love (Album Version),159
electronica,Make A Move On Me,536
pop,Boo Hoo,309
pop,Boo Hoo,295
electronica,Gwithian,419
electronica,Gwithian,419
electronica,Let Men Burn Stars,116
pop,Mine Again,242
pop,Mine Again,242
rock,Who Was I Kidding,251
rock,Tetrispack,256
rock,New Detroit,171
rock,Jetstream - Arthur Baker Remix,422
rock,Jetstream - Arthur Baker Remix,422
pop,Jetstream - Arthur Baker Remix,422
rock,We Will Rock You,120
rock,We Will Rock You,120
pop,We Will Rock You,120
rock,We Will Rock You,120
rock,Follow You Home (Album Version),260
rock,Follow You Home (Album Version),260
pop,Follow You Home (Album Version),260
rock,Follow You Home (Album Version),260
rock,Savin' Me,218
rock,Savin' Me,218
pop,Savin' Me,218
rock,Savin' Me,218
rock,New Pin (edit),250
rock,New Pin (edit),250
electronica,Farenheit 303,504
electronica,Farenheit 303,504
pop,I Constantly Thank God For Esteban (Album Version),210
rock,Yell Out,155
rock,Yell Out,155
rock,Yell Out,155
rock,Lies,242
rock,Lies,242
rock,Lies,242
rock,6TH Avenue Nightmare,160
rock,6TH Avenue Nightmare,160
rock,6TH Avenue Nightmare,160
rock,I Never Came,288
rock,I Never Came,288
rock,I Never Came,288
rock,I Never Came,288
rock,I Never Came,288
rock,This Lullaby,83
rock,This Lullaby,83
rock,This Lullaby,83
rock,This Lullaby,83
rock,This Lullaby,83
pop,Music Of The Sun,236
pop,Music Of The Sun,236
pop,Music Of The Sun,236
rock,Bury Your Head,212
rock,Bury Your Head,212
rock,Bury Your Head (Acoustic),254
rock,Bury Your Head (Acoustic),254
pop,Prayer For The Dying (Live In Paris),304
pop,Prayer For The Dying (Live In Paris),304
reggae,Too much informa,204
reggae,Mind Control,270
electronica,Juno,293
rock,Two Note Swivel (Unfinished Outtake),349
rock,Two Note Swivel (Unfinished Outtake),349
rock,It's All In My Mind,221
rock,What's Your Damage?,216
rock,What's Your Damage?,216
rock,Snowball,190
rock,Snowball,190
pop,Bite Back,280
pop,She Is,228
rock,Mr. Brightside (Jacques Lu Cont's Thin White Duke Mix),528
rock,Mr. Brightside (Jacques Lu Cont's Thin White Duke Mix),528
rock,Mr. Brightside (Jacques Lu Cont's Thin White Duke Mix),528
rock,Caviglia,166
rock,Are You The One?,281
rock,Are You The One?,281
rock,Blue Orchid,160
rock,Blue Orchid,160
rock,Blue Orchid,160
rock,Blue Orchid,160
rock,Blue Orchid,160
rock,Affliction,329
rock,Affliction,329
rock,Affliction,329
rock,Affliction,329
rock,Summer Shudder,187
rock,Summer Shudder,187
rock,Summer Shudder,187
rock,Summer Shudder,187
reggae,Life Is Real,535
reggae,Down On My Knees,241
reggae,Complain,213
reggae,These Days,288
reggae,Down On My Knees,244
reggae,Welcome Into My World,265
reggae,Only You,288
reggae,Watching You,232
reggae,Imagination,230
reggae,Politrix,213
reggae,The Future,278
pop,Ring The Alarm,212
pop,Ring The Alarm,161
rock,Loving You Too Long,174
rock,Loving You Too Long,174
rock,Loving You Too Long,174
pop,Dolorosa (Live),340
pop,Il Y A Une Question (Live),328
electronica,Nashville Parthenon,176
electronica,Happy Mother's Day,47
rock,To the Lions,220
reggae,This Year (ReMastered),226
reggae,Soul Music (ReMastered),238
electronica,Rock Around The Christmas Tree,131
rock,Arnold Layne,202
rock,Arnold Layne,202
rock,Arnold Layne,202
rock,Arnold Layne,202
rock,Arnold Layne,202
rock,Arnold Layne,202
pop,Let It Be Me,227
rock,Let It Be Me,227
rock,Let It Be Me,227
rock,Chase The Light,233
rock,Feeling Blue,289
rock,Good Enough,331
pop,Good Enough,331
rock,Good Enough,331
pop,Mein Herz kann man nicht kaufen,163
rock,The Blinding Sun,117
rock,The Blinding Sun,117
pop,4 In The Morning,294
pop,4 In The Morning,294
pop,4 In The Morning,294
pop,4 In The Morning,294
rock,4 In The Morning,294
pop,Sloppy Love Jingle_ Pt. 3 (Amended Album Version),135
pop,New Friend Request (Amended Version),255
rock,Stampede,207
rock,Stampede,207
pop,Say Say Say (Waiting 4 U) (Tocadisco's Not Guilty Remix),346
rock,Love Me,192
rock,The Ghost At #1,217
pop,The Ghost At #1,217
pop,The Ghost At #1,217
pop,The Ghost At #1,217
rock,The Ghost At #1,217
rock,The Ghost At #1,217
rock,So Many Roads,373
rock,Just Like Lightnin',301
rock,Just Like Lightnin',301
rock,I Got Stripes (Live),113
rock,I Got Stripes (Live),113
pop,Lullaby [With Ladysmith Black Mambazo] (Album Version),152
pop,Lullaby [With Ladysmith Black Mambazo] (Album Version),152
pop,Sexy Ladies,239
rock,What You Want,264
rock,A Visit From Drum,259
rock,A Visit From Drum,259
rock,A Visit From Drum,259
rock,A Visit From Drum,259
rock,A Visit From Drum,259
pop,U Killed It,265
pop,U Killed It,265
pop,U Killed It,265
pop,Vogue [Live],331
pop,Vogue [Live],331
pop,Jump [Jacques Lu Cont Edit],320
pop,Jump [Jacques Lu Cont Edit],320
rock,Popovic,306
rock,Popovic,306
rock,It Is Us,212
pop,House Of Wolves (Album Version),184
rock,We March To The Beat Of Indifferent Drum,158
rock,We March To The Beat Of Indifferent Drum,158
rock,Where Do We Go Now But Nowhere,346
rock,Inside Job,429
rock,Inside Job,429
rock,Inside Job,429
rock,Inside Job,429
pop,SOS,245
pop,SOS,245
pop,SOS,245
pop,We Ride,238
pop,We Ride,238
pop,We Ride,238
rock,Drones,182
rock,Drones,182
rock,Drones,182
rock,Intro/Chamber The Cartridge,215
rock,Intro/Chamber The Cartridge,215
rock,Intro/Chamber The Cartridge,215
pop,When Horsepower Meant What It Said,183
pop,I Wish I Was A Punk Rocker (With Flowers In My Hair),425
pop,City Headache,300
rock,Puzzle of Hearts,322
rock,Deliverance,191
rock,Deliverance,191
reggae,Care,169
pop,I Love It [Clubstar Remix],342
pop,In My Arms,277
pop,Shut Your Eyes,209
pop,Chasing Cars,269
pop,It Doesn't Matter Where_ Just Drive,218
reggae,The Traffic Jam,247
rock,Spin (Album Version),220
rock,When You Were Young,270
rock,When You Were Young,270
rock,When You Were Young,270
rock,Truth And Lies,244
rock,Truth And Lies,244
rock,Broken Boy Soldier (KCRW Version),231
rock,Broken Boy Soldier (KCRW Version),231
rock,Broken Boy Soldier (KCRW Version),231
rock,Broken Boy Soldier (KCRW Version),231
rock,Broken Boy Soldier (KCRW Version),231
rock,Broken Boy Soldier (KCRW Version),231
rock,The Devil,277
pop,What Do I Know,252
rock,Son Of A Bitch,244
rock,Son Of A Bitch,244
rock,Son Of A Bitch,244
rock,Son Of A Bitch,244
rock,Son Of A Bitch,244
rock,Son Of A Bitch,244
rock,Myth Takes,144
rock,Myth Takes,144
pop,Ja (Hanno's Poppersmonstermix),358
rock,Better Life,203
rock,Better Life,203
rock,Better Life,203
rock,Better Life,203
rock,She Will Love You (Album Version),259
rock,She Will Love You (Album Version),259
rock,Teenage Queen (Album Version),207
rock,Teenage Queen (Album Version),207
rock,The Same Old Innocence,210
rock,Innocence,232
pop,Innocence,232
rock,Innocence,232
rock,Heavy On My Mind (Album Version),320
rock,It'll All Come Around (Album Version),237
pop,Irreplaceable (Irreemplazable),231
rock,Mystic River,251
rock,Mystic River,251
reggae,Three Little Birds,320
reggae,Three Little Birds,320
rock,I Love This Town,286
pop,I Love This Town,286
rock,I Love This Town,286
pop,Then Came You,334
pop,Break The Ice,530
pop,Break The Ice,530
pop,Break The Ice,530
pop,Break The Ice,530
pop,Break The Ice,530
rock,The Dropsonde,125
rock,Souvenirs,205
pop,The Reason I Go On,224
rock,Been There All The Time,221
rock,I Don't Want To Hear Any More,261
rock,I Don't Want To Hear Any More,261
rock,I Don't Want To Hear Any More,261
rock,Last Good Time In Town,427
rock,Last Good Time In Town,427
rock,Last Good Time In Town,427
pop,Do You Know? (The Ping Pong Song),222
pop,Red Umbrella (Album Version),220
pop,The Carpal Tunnel Of Love,204
pop,The Carpal Tunnel Of Love,204
pop,The Carpal Tunnel Of Love,204
pop,Thriller,204
pop,Thriller,204
pop,Thriller,204
rock,If Ever,254
rock,If Ever,254
rock,If Ever,254
rock,If Ever,254
rock,You Gotta Go,127
rock,Crash And Burn [Home Demo],261
rock,Juneau [Live],251
rock,All Hands On Deck part 2: Open Water [Album Version],229
pop,First Boyfriend,156
rock,First Boyfriend,156
electronica,No,182
pop,More to This,233
reggae,To Your Arms of Love,211
rock,Did You Get My Message?  (Live From Shubas),336
rock,Did You Get My Message?  (Live From Shubas),336
rock,Song For A Friend (Live From Montalvo),740
rock,Song For A Friend (Live From Montalvo),740
pop,Por Arriesgarnos,212
rock,Broken Radio,219
rock,Revelations,244
rock,Now I Got A Woman,265
rock,Now I Got A Woman,265
pop,What Goes Around...Comes Around,254
pop,Nunca Sabras,229
rock,Nunca Sabras,229
pop,No Volveras A Mi,208
rock,No Volveras A Mi,208
pop,Paper Aeroplane (Live From 'Drastic Fantastic' Tour),283
pop,Never Again,369
rock,My Party (Kenna Remix),225
rock,My Party (Kenna Remix),225
rock,My Party (Kenna Remix),225
rock,My Party (Kenna Remix),225
rock,My Party (Kenna Remix),225
rock,My Party (Kenna Remix),225
rock,Knocked Up,467
rock,Knocked Up,467
rock,Knocked Up,467
rock,Knocked Up,467
rock,Knocked Up,467
rock,Knocked Up,467
rock,Woo Hoo,211
rock,Woo Hoo,211
rock,Woo Hoo,211
rock,Woo Hoo,211
rock,Woo Hoo,211
rock,Woo Hoo,211
rock,Ragoo,181
rock,Ragoo,181
rock,Ragoo,181
rock,Ragoo,181
rock,Ragoo,181
rock,Ragoo,181
rock,The Song Remains The Same (2007 Remastered Album Version),331
rock,The Song Remains The Same (2007 Remastered Album Version),331
rock,The Song Remains The Same (2007 Remastered Album Version),331
rock,The Song Remains The Same (2007 Remastered Album Version),331
rock,The Song Remains The Same (2007 Remastered Album Version),331
rock,Cycle Time,136
rock,Cycle Time,136
rock,Cycle Time,136
rock,Cycle Time,136
rock,Cycle Time,136
rock,Leather Prowler,265
rock,Leather Prowler,265
rock,Leather Prowler,265
rock,Leather Prowler,265
rock,Leather Prowler,265
rock,Given Up (Album Version),189
rock,Given Up (Album Version),189
rock,Given Up (Album Version),189
rock,Given Up (Album Version),189
rock,Given Up (Album Version),189
electronica,Drop Sacrifice,249
electronica,We Meet at Last,552
electronica,Mate Tron,420
electronica,Mate Tron,420
rock,Misty Mountains,144
rock,Misty Mountains,144
rock,Survivalism,257
rock,Survivalism,257
rock,Survivalism,257
rock,Survivalism,257
pop,Survivalism,257
reggae,Goons Lurkin (Instrumental Album Version),233
reggae,You (featuring Tank) (Amended Album Version),218
rock,15 Step,237
rock,15 Step,237
pop,15 Step,237
rock,15 Step,237
rock,15 Step,237
reggae,Suicide,210
rock,Bad Woman,140
rock,Bad Woman,140
pop,Breakin' Dishes,200
pop,Breakin' Dishes,200
pop,Breakin' Dishes,200
pop,Don't Stop The Music,284
pop,Don't Stop The Music,284
pop,Don't Stop The Music,284
pop,Good Girl Gone Bad,208
pop,Good Girl Gone Bad,208
pop,Good Girl Gone Bad,208
pop,Good Girl Gone Bad,213
pop,Good Girl Gone Bad,213
pop,Good Girl Gone Bad,213
pop,Criteria,223
electronica,The Blue Side of The Sun,264
rock,The Murder Prologue,70
rock,The Murder Prologue,70
rock,The Murder Prologue,70
pop,The Future Has Arrived,186
rock,A Martyr For My Love For You,260
rock,A Martyr For My Love For You,260
rock,A Martyr For My Love For You,260
rock,A Martyr For My Love For You,260
rock,A Martyr For My Love For You,260
rock,Im Slowly Turning Into You,275
rock,Im Slowly Turning Into You,275
rock,Im Slowly Turning Into You,275
rock,Im Slowly Turning Into You,275
rock,Im Slowly Turning Into You,275
rock,Kite Live from Sydney,485
rock,Who Are You,189
rock,Who Are You,189
rock,Who Are You,189
rock,Who Are You,189
pop,When A Man Loves A Woman,183
reggae,When A Man Loves A Woman,183
pop,Saturday Love,301
reggae,Saturday Love,301
pop,Unbreak My Heart,267
reggae,Unbreak My Heart,267
pop,Secret Lovers (Featuring Mica Paris),268
reggae,Secret Lovers (Featuring Mica Paris),268
rock,The Modern Rome Burning,300
rock,The Modern Rome Burning,300
rock,The Sukkubus Lustrate,178
rock,Armageddon's Raid,309
reggae,Zero M2,233
pop,Single Ladies (Put A Ring On It),466
rock,Goodbye (Solo Version),180
rock,Goodbye (Solo Version),180
rock,Goodbye (Solo Version),180
rock,Zephyrus,248
rock,Zephyrus,248
rock,Zephyrus,248
rock,Zephyrus,248
rock,Zephyrus,248
pop,Bullmoose (LP Version),148
rock,Bullmoose (LP Version),148
rock,Bullmoose (LP Version),148
rock,Till We Ain't Strangers Anymore,318
pop,Till We Ain't Strangers Anymore,318
rock,Till We Ain't Strangers Anymore,318
pop,Resistance,157
electronica,Town Topic (Instrumental),115
electronica,Bad People,27
rock,Josephine (French Edit),236
rock,Josephine (French Edit),236
rock,Unforgettable Season,195
rock,Cold Youth,289
pop,You Can Do Better Than Me (Album Version),119
pop,You Can Do Better Than Me (Album Version),119
rock,You Can Do Better Than Me (Album Version),119
rock,You Can Do Better Than Me (Album Version),119
rock,You Can Do Better Than Me (Album Version),119
pop,You Can Do Better Than Me (Album Version),119
pop,I'm Running Out Of Love,125
electronica,(I Used To Couldn't Dance) Tight Pants,216
pop,Can You Hear Me,235
pop,Silent Night_ Holy Night! (Album Version),190
pop,Dance_ Dance,190
pop,Dance_ Dance,190
pop,Dance_ Dance,190
pop,(Coffee's For Closers),275
pop,(Coffee's For Closers),275
pop,(Coffee's For Closers),275
pop,America's Suitehearts,214
pop,America's Suitehearts,214
pop,America's Suitehearts,214
rock,Red Socks Pugie,315
rock,Red Socks Pugie,315
rock,Building,160
rock,Kicking And Screaming,205
rock,Catcher In The Rye,353
rock,Catcher In The Rye,353
electronica,Ready For The Floor (Radio Edit),202
electronica,Hold On,381
pop,Nothing But Sky [Outro] (Album Version),62
pop,Nothing But Sky [Outro] (Album Version),62
pop,Nothing But Sky [Outro] (Album Version),62
rock,Nothing But Sky [Outro] (Album Version),62
pop,Monsoon,265
rock,Monsoon,265
rock,Monsoon,265
pop,Adrift,236
rock,Adrift,236
rock,Adrift,236
reggae,Freedom,288
pop,Greatest X,263
rock,Harmony,165
rock,Walk On The Wild Side,239
pop,Mai [Live],283
pop,Mai [Live],283
pop,February Song [Live],311
pop,February Song [Live],311
rock,Autobahn (Live),532
rock,Autobahn (Live),532
pop,Autobahn (Live),532
pop,Poker Face,243
pop,Poker Face,243
electronica,You Appearing,219
pop,4 Minutes [Featuring Justin Timberlake And Timbaland] [Junkie XL Remix Edit],278
pop,4 Minutes [Featuring Justin Timberlake And Timbaland] [Junkie XL Remix Edit],278
pop,Touch My Body,274
pop,Touch My Body,274
rock,Comin' Tonight,210
rock,The End Of The Line,472
rock,The End Of The Line,472
rock,The End Of The Line,472
rock,New Meaning,160
pop,The End. [Live In Mexico],154
rock,Intro / Time For Some Action,223
pop,Love Like This,341
pop,Love Like This,341
rock,If Today Was Your Last Day (Album Version),248
rock,If Today Was Your Last Day (Album Version),248
pop,If Today Was Your Last Day (Album Version),248
rock,If Today Was Your Last Day (Album Version),248
rock,Leader (Album Version),170
rock,Leader (Album Version),170
pop,Leader (Album Version),170
pop,Leader (Album Version),170
rock,Leader (Album Version),170
pop,Wounded Hearts,205
electronica,Chime,467
pop,Lost In The Future,226
reggae,The Mission,274
pop,Jack's Lament,195
pop,You Found Me,241
rock,Spaceman,284
rock,Spaceman,284
rock,Spaceman,284
rock,A Dustland Fairytale,225
rock,A Dustland Fairytale,225
rock,A Dustland Fairytale,225
rock,Yippiyo-Ay,272
rock,Yippiyo-Ay,272
rock,If I Know You,351
rock,If I Know You,351
rock,Wake The Sleeper,213
rock,Wake The Sleeper,213
rock,Wake The Sleeper,213
rock,Wake The Sleeper,213
rock,Wake The Sleeper,213
rock,Wake The Sleeper,213
pop,Night of the Hunter (Static Revenger Remix),298
rock,Too Shy To Scream,177
rock,Too Shy To Scream,177
rock,Too Shy To Scream,177
rock,Too Shy To Scream,177
rock,Darling_ I Want To Destroy You,223
rock,Darling_ I Want To Destroy You,223
rock,Darling_ I Want To Destroy You,223
rock,Darling_ I Want To Destroy You,223
rock,Killing Machine,140
rock,Killing Machine,140
rock,Black Market Hell,759
rock,Black Market Hell,759
rock,Lesson Learned,257
rock,Lesson Learned,257
rock,Take Her Out,239
rock,Take Her Out,239
rock,On Independence Day,172
rock,On Independence Day,172
rock,The Gre(A)t Depression,189
rock,The Gre(A)t Depression,189
pop,PDA,228
pop,PDA,228
electronica,Twerk (feat. Yo Majesty),210
rock,One More Chance,166
rock,One More Chance,166
rock,One More Chance,166
rock,One More Chance,166
rock,One More Chance,166
rock,Never Look Back,199
rock,Never Look Back,199
rock,Million Miles,544
rock,Million Miles,544
reggae,In My Life,152
pop,3,465
pop,3,465
pop,3,465
pop,3,465
pop,3,465
reggae,Walking In Dub,147
rock,Engine Skull,159
electronica,White Jetta,197
rock,Dark Horse,175
electronica,High Horse,153
electronica,Revitalise,265
electronica,Everyday Stranger,328
electronica,As Nice As I Can Be,225
rock,With a Little Dub From My Friends (feat. Luciano and U Roy),196
pop,Beautiful,398
rock,No You Girls,428
rock,No You Girls,428
pop,No You Girls,428
rock,No You Girls,428
rock,No You Girls,428
rock,Broke Down On The Brazos (Album),379
rock,Broke Down On The Brazos (Album),379
rock,Broke Down On The Brazos (Album),379
rock,Broke Down On The Brazos (Album),379
pop,(We Don't Need This) Fascist Groove Thang (Rapino Club Mix),354
pop,Gangsta Roll,230
rock,Don't Stop,224
rock,Stop!,356
pop,Al Final,298
rock,Al Final,298
pop,Volcán,353
rock,Volcán,353
pop,My Life Would Suck Without You,231
pop,Cry,215
reggae,Daydreaming [Jakwob Remix],277
pop,LDN (Warbox Original Cut Dub),234
pop,LDN (Warbox Original Cut Dub),234
pop,LDN (Warbox Original Cut Dub),234
pop,22 (Acoustic),187
pop,22 (Acoustic),187
pop,22 (Acoustic),187
pop,Everyone's At It,278
pop,Everyone's At It,278
pop,Everyone's At It,278
pop,22 (Vingt Deux) (Feat. Ours),189
pop,22 (Vingt Deux) (Feat. Ours),189
pop,22 (Vingt Deux) (Feat. Ours),189
rock,C'est Toujours la Même Histoire,287
rock,The Czar: Usurper/Escape/Martyr/Spiral (Album Version),654
rock,Hardly Wait,180
rock,Hardly Wait,180
rock,Hardly Wait,180
rock,Hardly Wait,180
rock,The Never-Ending Why,222
rock,The Never-Ending Why,222
rock,The Never-Ending Why,222
rock,The Never-Ending Why,222
rock,Remember Me Lover (Album Version),454
rock,Remember Me Lover (Album Version),454
rock,Remember Me Lover (Album Version),454
rock,Fake Plastic Trees (Acoustic Version),281
rock,Fake Plastic Trees (Acoustic Version),281
pop,Fake Plastic Trees (Acoustic Version),281
rock,Fake Plastic Trees (Acoustic Version),281
rock,Fake Plastic Trees (Acoustic Version),281
rock,You (Demo),204
rock,You (Demo),204
pop,You (Demo),204
rock,You (Demo),204
rock,You (Demo),204
pop,Underlying Lies,325
pop,Face Drop,185
rock,Master Of The Universe,213
rock,Master Of The Universe,213
pop,Just Say Yes,256
pop,New Sensation,215
pop,Just Say Yes,284
rock,Angel Food,383
rock,Angel Food,383
rock,Angel Food,383
electronica,Follow The Light (Radio Edit),215
rock,Catholic Knees (Album Version),168
rock,Roll Old Jeremiah,264
rock,Roll Old Jeremiah,264
rock,Roll Old Jeremiah,264
rock,Roll Old Jeremiah,264
rock,Roll Old Jeremiah,264
rock,Good Morning Captain,203
rock,Good Morning Captain,203
rock,Good Morning Captain,203
rock,Good Morning Captain,203
rock,Good Morning Captain,203
pop,Absolute,227
rock,Sodding About,167
rock,Sodding About,167
rock,Sodding About,167
electronica,In Progress (Original Mix),369
rock,FEZ-Being Born,317
pop,LEAVE!,203
rock,I Don't Want To Let You Go,228
rock,I Don't Want To Let You Go,228
rock,I Don't Want To Let You Go,228
pop,I Don't Want To Let You Go,228
rock,I Don't Want To Let You Go,228
rock,I Don't Want To Let You Go,228
rock,Cosmonaut,288
rock,White Feather,212
rock,White Feather,316
rock,Ammonite,362
pop,Rette Mich Später (Michael Ilbert Radio Mix),234
rock,Sabotage,181
rock,Dead Wrong,160
rock,Diamond Eyes (Album Version),188
rock,Diamond Eyes (Album Version),188
rock,Diamond Eyes (Album Version),188
rock,Diamond Eyes (Album Version),188
electronica,Plastic People,394
rock,Plastic People,394
pop,You And Your Heart,196
rock,You And Your Heart,196
rock,You And Your Heart,196
rock,Lullaby For The Summer,229
rock,Lullaby For The Summer,229
rock,Lullaby For The Summer,229
rock,Lullaby For The Summer,229
rock,Lullaby For The Summer,229
rock,Lullaby For The Summer,229
rock,I Know A Place,259
rock,Blues City Shake Down,142
rock,Blues City Shake Down,142
rock,Nature's Disappearing,293
rock,Nature's Disappearing,293
rock,The Key,233
rock,Parasitic Twins,281
rock,The Death Of Romance,207
rock,V,280
