ano,tag,nomeMusica
1955,jazz,Sophisticated Lady
1956,jazz,Manuel's Mambo
1959,pop,Baby's First Christmas
1959,country,You Tell Me
1959,rock,You Tell Me
1959,country,The Battle Of New Orleans
1960,country,Against My Will (LP Version)
1960,pop,Against My Will (LP Version)
1960,rock,Against My Will (LP Version)
1960,country,Your One And Only (LP Version)
1960,pop,Your One And Only (LP Version)
1960,rock,Your One And Only (LP Version)
1960,pop,Dedicated To The One I Love
1960,pop,Will You Love Me Tomorrow
1961,country,A Poor Man's Roses
1961,pop,A Poor Man's Roses
1961,rock,A Poor Man's Roses
1963,country,Fortune Teller
1963,reggae,Fortune Teller
1963,rock,Fortune Teller
1963,pop,Foolish Little Girl
1964,pop,Ain't She Sweet
1964,rock,Ain't She Sweet
1964,country,Time Is On My Side
1964,reggae,Time Is On My Side
1964,rock,Time Is On My Side
1964,country,Around And Around
1964,reggae,Around And Around
1964,rock,Around And Around
1964,pop,(The Best Part Of) Breakin' Up
1965,country,I'd Rather Have Jesus
1966,rock,All Your Love
1966,rock,A Simple Desultory Philippic (Or How I Was Robert McNamara'd Into Submission)
1966,rock,Patterns
1966,country,Think
1966,reggae,Think
1966,rock,Think
1967,country,I'm Not Worth the Tears
1967,pop,I'm Not Worth the Tears
1967,jazz,Games That Lovers Play
1967,rock,A Hard Road
1967,rock,Matilda Mother (Stereo) (2007 Remaster)
1967,rock,Strange Days ( LP Version )
1967,country,Shenandoah
1968,rock,Old Friends
1968,country,Stand By Your Man
1968,country,I Stayed Long Enough
1968,rock,I Heard Her Call My Name
1969,rock,Maybe
1969,rock,Fire
1969,country,A Boy Named Sue
1969,rock,A Boy Named Sue
1969,rock,Be Careful With A Fool
1969,rock,Intro 2/ Kick Out The Jams (LP Version)
1970,country,(I'm So) Afraid Of Losing You Again
1970,rock,Don't Waste My Time
1970,rock,Immigrant Song (Album Version)
1970,rock,The American Ruse (LP Version)
1970,country,A Man Can Only Stand Just So Much Pain (Bonus Track)
1971,rock,Caught In A Dream (Album Version)
1971,rock,Be My Lover
1971,country,Letter To Heaven
1971,pop,Letter To Heaven
1971,rock,Get It While You Can
1971,rock,Miss X (LP Version)
1971,rock,Future/Now (LP Version)
1971,rock,What Should Be Done
1972,rock,Piece Of My Heart
1972,rock,Down On Me
1972,pop,Ain't No Sunshine
1972,rock,Ain't No Sunshine
1972,pop,I Wanna Be Where You Are
1972,rock,I Wanna Be Where You Are
1972,pop,Song Sung Blue
1972,rock,Song Sung Blue
1972,pop,Song Sung Blue
1972,rock,Song Sung Blue
1972,rock,The Gold It's In The ... (1996 Digital Remaster)
1972,country,Rocks Off
1972,reggae,Rocks Off
1972,rock,Rocks Off
1972,jazz,China
1973,rock,Rosalita (Come Out Tonight)
1973,rock,Don't Worry Baby (1999 Digital Remaster)
1973,country,Sister Sue
1973,jazz,No Pienses Asi
1973,rock,Baby's On Fire
1973,reggae,Let's Seize The Time
1973,rock,Antarctica Starts Here
1973,pop,Morning Glow
1973,rock,Morning Glow
1973,rock,Bo Diddley
1973,rock,Vietnamese Baby
1974,rock,Lord Of The Thighs
1974,rock,Same Old Song And Dance
1974,country,Crying Time
1974,country,Riot In Cell Block #9
1974,country,Too Much Fun
1974,rock,You Never Cry Like A Lover (LP Version)
1974,country,Lonesome To The Bone
1974,rock,Lonesome To The Bone
1974,rock,Sally Can't Dance
1974,rock,Human Being
1974,rock,Stranded In The Jungle
1974,rock,Human Being
1975,country,Simple Twist Of Fate
1975,rock,Simple Twist Of Fate
1975,country,Cajun Baby (LP Version)
1975,rock,Once I Had A Woman
1975,pop,We're Almost There
1975,rock,We're Almost There
1975,pop,Just A Little Bit Of You
1975,rock,Just A Little Bit Of You
1975,jazz,Journey To Love
1975,rock,Journey To Love
1975,rock,Slip Kid
1976,rock,This One's For You
1976,rock,2HB (1999 Digital Remaster)
1976,rock,She cracked
1977,reggae,It's A Long Way Around
1977,rock,Right To Work
1977,pop,Moss Garden (1999 Digital Remaster)
1977,rock,Moss Garden (1999 Digital Remaster)
1977,country,Light Of A Clear Blue Morning
1977,pop,Light Of A Clear Blue Morning
1977,country,The Son Of Hickory Holler's Tramp
1977,pop,The Son Of Hickory Holler's Tramp
1977,rock,Seventeen
1977,rock,Pretty Vacant
1977,rock,Looking For A Kiss
1977,rock,I'm So Bored With The U.S.A.
1977,rock,3 + 3
1978,country,New Pony
1978,rock,New Pony
1978,rock,Move On
1978,reggae,Soon Come (2002 Digital Remaster)
1978,reggae,Stand Firm (2002 Digital Remaster)
1978,pop,Baby (LP Version)
1978,rock,Baby (LP Version)
1978,rock,So Lonely
1978,rock,Falling In Love
1978,rock,Don't Mess With Me (2006 Digital Remaster)
1979,rock,Reefer Head Woman
1979,rock,Decide
1979,reggae,Down the Line
1979,jazz,Joe Avery's Piece
1979,pop,Joe Avery's Piece
1979,rock,Joe Avery's Piece
1979,rock,Death Or Glory
1979,rock,Mr. Sellack (Album Version)
1979,rock,Anyway_ Anyhow_ Anywhere
1980,reggae,Civilized Reggae
1980,pop,Hey Louise
1980,rock,Hey Louise
1980,rock,Lose This Skin
1980,rock,Man In A Suitcase
1980,rock,Voices Inside My Head
1980,rock,It's Bad For Me (Album Version)
1980,rock,Fool For Your Loving
1981,pop,Baltimore Oriole (2004 Digital Remaster)
1981,rock,Baltimore Oriole (2004 Digital Remaster)
1981,jazz,I'm Not Moving
1981,pop,I'm Not Moving
1981,rock,I'm Not Moving
1981,pop,Careful In Career
1981,rock,Careful In Career
1981,pop,Doubt
1981,rock,Doubt
1981,pop,Primary
1981,rock,Primary
1981,country,Start Me Up
1981,reggae,Start Me Up
1981,rock,Start Me Up
1981,rock,It Only Takes Two To Tango
1981,rock,October
1981,rock,"Dirty Movies"" (Album Version)"
1982,rock,Make That Money (Scrooge's Song) (Album Version)
1982,rock,Goin' To The River
1982,pop,Baal's Hymn
1982,rock,Baal's Hymn
1982,rock,Poor Tom (Album Version)
1982,rock,Hit The Lights
1982,rock,Metal Militia
1982,jazz,I Cannot Believe It's True
1982,pop,I Cannot Believe It's True
1982,rock,I Cannot Believe It's True
1982,rock,Stumble
1982,rock,Murder In The Graveyard
1982,rock,Inoculated City
1982,rock,Losing True (Album Version)
1983,jazz,I've Been Missin' You
1983,rock,There She Goes Again
1983,pop,Hunter And The Hunted (Live)
1983,rock,Hunter And The Hunted (Live)
1983,rock,Playboy
1983,rock,King Of Pain
1983,rock,Wrapped Around Your Finger
1983,rock,House Of Pain
1983,rock,Other Side Of Antarctica
1983,pop,Dance Hall Days
1983,rock,Dance Hall Days
1984,rock,This Guitar Says Sorry
1984,rock,Working On The Highway
1984,pop,Brillantin' Brutal'
1984,rock,Shed So Many Tears
1984,pop,Girl You're So Together
1984,rock,Girl You're So Together
1984,pop,Brooklyn On A Saturday Night
1984,rock,Brooklyn On A Saturday Night
1984,rock,Te Hacen Falta Vitaminas
1984,rock,The Attitude Song
1984,rock,Salamanders In The Sun
1984,rock,Light
1984,rock,Help Youngblood Get To the Freaky Party
1984,reggae,Sweet & Dandy
1984,rock,Sweet & Dandy
1985,rock,Only Lonely
1985,rock,Josephine
1985,pop,Tous Les Garçons Et Les Filles
1985,rock,Tous Les Garçons Et Les Filles
1985,rock,Song Of The Valley
1985,pop,Into The Groove
1985,jazz,One More Night
1985,pop,One More Night
1985,rock,One More Night
1985,rock,American Ghost Dance (2003 Digital Remastered)
1985,rock,Life Is Wild
1985,rock,Stephanie Says
1986,rock,Raise Your Hands
1986,rock,Driving Home For Christmas
1986,pop,Missionary Man
1986,rock,Missionary Man
1986,pop,A Little Of You
1986,rock,A Little Of You
1986,rock,Mama Kin
1986,jazz,Don't Make Me Wait For Love
1986,pop,Papa Don't Preach
1986,rock,Papa Legba (2005 Digital Remaster)
1987,rock,Angel
1987,rock,Floating
1987,rock,Haunted House
1987,rock,You're Crazy
1987,rock,Sweet Child O' Mine
1987,rock,Midnight
1987,rock,Echo
1987,pop,Down And Out In Paradise
1987,rock,Down And Out In Paradise
1987,pop,Dirty Diana
1987,rock,Dirty Diana
1987,rock,Persiana Americana (Live)
1987,jazz,Bata 6/8
1988,rock,What It Takes
1988,rock,Comeback
1988,rock,Devil's Daughter
1988,rock,Patience
1988,rock,Raise Your Hand
1988,rock,I'm Your Witchdoctor
1988,jazz,Two Hearts
1988,pop,Two Hearts
1988,rock,Two Hearts
1988,jazz,Exodus
1988,pop,Exodus
1988,jazz,Stormy Weather
1988,pop,Stormy Weather
1988,rock,God Save the Queen (Live)
1988,rock,Terapia De Amor Intensiva
1989,rock,Janie's Got A Gun
1989,rock,Shadrach
1989,jazz,Chim Chim Cheree
1989,pop,Soldats Ne Tirez Pas
1989,rock,Hear My Train A Comin'
1989,rock,Guilty Partner
1989,rock,Sin
1990,rock,I Know Somethin (Bout You)
1990,pop,Praying For Time
1990,rock,Praying For Time
1990,rock,Main Street Eyes
1990,rock,5 Foot 1
1990,rock,Commercial Reign
1990,rock,Commercial Reign
1990,country,Makin' Believe
1990,pop,Someday
1990,jazz,You Can't Hurry Love (Live)
1990,pop,You Can't Hurry Love (Live)
1990,rock,You Can't Hurry Love (Live)
1990,rock,Entre Caníbales
1990,pop,Better Ways
1990,rock,How Can You Resist It
1990,rock,We Three Kings
1990,rock,Procession
1990,rock,Twilight
1991,rock,Milkcow Blues
1991,reggae,Lively Up Yourself
1991,reggae,Tumble Down
1991,jazz,It Don't Mean A Thing (If It Ain't Got That Swing)
1991,rock,Right to Work (Live)
1991,pop,Junge Römer
1991,rock,Locomotive (Complicity)
1991,rock,El Mar No Cesa (Live)
1991,country,Life's Railway To Heaven
1991,pop,Life's Railway To Heaven
1991,rock,Life's Railway To Heaven
1991,rock,Music For The Head
1991,rock,Naked In The Rain (Album Version)
1991,rock,The Greeting Song (Album Version)
1991,pop,The Beginning (Giro E Giro Mix)
1991,pop,See The Lights (2002 Digital Remaster)
1991,rock,See The Lights (2002 Digital Remaster)
1991,rock,Slaves & Bulldozers
1991,rock,Hunger Strike
1991,pop,Born To Be Together
1992,rock,Brother
1992,rock,God Smack
1992,rock,Sickman
1992,rock,Angry Chair
1992,rock,Would?
1992,pop,Little Bird
1992,rock,Little Bird
1992,rock,My God  (Audio Adrenaline Album Version)
1992,rock,Fools Like You
1992,reggae,Smile Jamaica
1992,pop,Monarchy Now
1992,rock,Nothing's The Same
1992,rock,Nothing's The Same (2002 Digital Remaster)
1992,country,Blueberry Hill
1992,rock,Stickin In My Eye
1992,jazz,Mr. Wonderful
1992,pop,Mr. Wonderful
1992,reggae,Them No Care
1992,reggae,Oh It's You
1992,rock,Sting Me
1992,country,Washed Away
1992,rock,Washed Away
1992,rock,40
1993,rock,Cryin'
1993,rock,Crazy
1993,rock,Livin' On The Edge
1993,rock,Crazy
1993,reggae,Searching
1993,rock,Tripping Billies
1993,country,Reuben James
1993,pop,Reuben James
1993,pop,Anytime You Need A Friend
1993,country,Heart Trouble
1993,jazz,Please Come Out Tonight
1993,pop,Please Come Out Tonight
1993,rock,Please Come Out Tonight
1993,jazz,Everyday
1993,pop,Everyday
1993,rock,Everyday
1993,rock,Vegetable (Live)
1993,rock,Stop Whispering (US Version)
1993,pop,Belleza Pasajera
1993,pop,En La Tierra Caliente
1993,rock,Rocket
1993,jazz,Mambo Tipico
1993,jazz,Mambo Suavecito
1993,country,The Coloness Of The Chain
1994,rock,Don't Sit Under The Apple Tree
1994,rock,Get It Together
1994,rock,Eugene's Lament
1994,rock,Don't Want To Know (1999 Digital Remaster)
1994,rock,Wildcat Days (1999 Digital Remaster)
1994,pop,Le chanteur malheureux
1994,jazz,Here Comes The Big Parade
1994,pop,Here Comes The Big Parade
1994,rock,Here Comes The Big Parade
1994,pop,So Hot
1994,pop,Rollercoasting
1994,rock,Party In The Sky
1994,rock,Voodoo Chile Blues
1994,country,I Can't Feel You Anymore
1994,pop,Bedtime Story (Album Version)
1994,rock,My Heart Is Yearning
1994,rock,Memorabilia
1994,rock,Ballad In Urgency
1994,rock,Nonfiction
1994,rock,Rise & Shine
1994,country,White Christmas
1995,pop,A Whiter Shade Of Pale
1995,rock,A Whiter Shade Of Pale
1995,pop,(I Heard That) Lonesome Whistle
1995,rock,(I Heard That) Lonesome Whistle
1995,rock,This Ain't A Love Song
1995,country,Everybody Loves Me But You
1995,pop,Everybody Loves Me But You
1995,rock,Everybody Loves Me But You
1995,rock,X-Static
1995,pop,HISTORY
1995,rock,HISTORY
1995,pop,Tabloid Junkie
1995,rock,Tabloid Junkie
1995,rock,You Found Me
1995,rock,Drum Machine Joy
1995,country,I Cried All The Way To The Altar
1995,pop,I Cried All The Way To The Altar
1995,rock,I Cried All The Way To The Altar
1995,rock,Bullet Proof ... I Wish I Was (Acoustic)
1995,country,Raining On Our Love
1995,pop,Raining On Our Love
1995,rock,Raining On Our Love
1995,rock,Suicidal Dream
1995,rock,Cicada
1995,rock,Christlike Roche
1995,rock,Rotten Apples
1996,rock,This Is Where It Ends (Album Version)
1996,reggae,Corner Stone
1996,pop,"Because You Loved Me (Theme from ""Up Close and Personal"")"
1996,country,Frankie And Johnny
1996,country,Got The Bull By The Horns
1996,country,The Golden Rocket
1996,pop,Reminisce For A While (Sung With Raul Malo)
1996,rock,Reminisce For A While (Sung With Raul Malo)
1996,country,Moses
1996,country,Let Him Fly
1996,jazz,Dance Into The Light (LP Version)
1996,pop,Dance Into The Light (LP Version)
1996,rock,Dance Into The Light (LP Version)
1996,jazz,That's What You Said  (LP Version)
1996,pop,That's What You Said  (LP Version)
1996,rock,That's What You Said  (LP Version)
1996,rock,Ready To Go
1996,rock,Soul Simplicity
1996,rock,Kill Your Darlings
1996,rock,Brother
1996,rock,War?
1996,rock,Girl From A Pawnshop
1996,rock,Iron Man
1996,reggae,It's You
1996,rock,It's You
1997,rock,Some Kind Of Zombie (Criscoteque Remix)
1997,country,Fair Enough (LP Version)
1997,rock,A New Hope
1997,country,Trying To Get To Heaven
1997,rock,Trying To Get To Heaven
1997,reggae,Destiny
1997,jazz,Speak Low
1997,pop,Pennies From Heaven
1997,rock,Lotion (LP Version)
1997,rock,Ghetto Child
1997,rock,What Are We Here For
1997,pop,Bubblegum
1997,rock,Movement 4 [from Kiss] (Album Version)
1997,rock,Looking Back
1997,rock,Looking Back
1997,pop,Honey
1997,pop,Outside
1997,pop,Honey
1997,jazz,Only You
1997,rock,Waiting
1997,rock,Subterranean Homesick Alien
1997,rock,The Door
1997,rock,Roses
1997,country,Paper Tigers (acoustic version)
1997,rock,Paper Tigers (acoustic version)
1998,rock,Tearing Everyone Down
1998,rock,Alpha Beta Parking Lot
1998,country,Give It Up Or Let Me Go
1998,country,When Jesus Comes Calling For Me
1998,pop,When Jesus Comes Calling For Me
1998,country,Better Days (Album Version)
1998,rock,La Vuelta
1998,jazz,Summer Rain
1998,rock,House Full Of Bullets
1998,country,Flaming Red
1998,rock,Wishlist
1998,rock,Pub Pusher
1998,pop,Still Love Remains (Album Version)
1998,pop,When A Man Is Wrong (Album Version)
1998,rock,I'm A Lazy Sod (Live)
1998,jazz,What If I Forget The Champagne
1998,rock,What If I Forget The Champagne
1998,rock,Paralyzed
1998,rock,Marvel Hill
1998,rock,Explode
1998,jazz,Flight To Jordan
1998,reggae,She Will Never Let Me Down
1998,rock,She Will Never Let Me Down
1998,jazz,Le Temps Des Cerises
1998,rock,From Afar (Album Version)
1998,rock,El Greco: Movement III
1999,rock,Be Like That
1999,rock,Duck And Run
1999,rock,This Is NOT a Crass Song
1999,pop,Larger Than Life
1999,reggae,Small Axe
1999,reggae,Memphis
1999,country,I Can't Wait 'Til Christmas (LP Version)
1999,country,God Gave Me You (Single/LP Version)
1999,country,Love Happens Just Like That (LP Version)
1999,rock,Don't Panic
1999,jazz,Sunshower
1999,country,Hole In My Head
1999,rock,Leo's place
1999,country,Let's Make Love (Album Version)
1999,rock,Next Year
1999,pop,Voici Les Clés
1999,rock,Keep The Circle Around
1999,country,Love Is What We Make It
1999,pop,Love Is What We Make It
1999,country,Make Me Believe
1999,country,Anything's Better Than Feelin' The Blues
1999,rock,The Frail
1999,rock,Every You Every Me (Infected By The Scourge Of The Earth)
1999,rock,E
1999,rock,Get On Top (Album Version)
1999,rock,Emit Remmus (Album Version)
1999,rock,Parallel Universe (Album Version)
1999,pop,You Can Still Be Free
1999,rock,You Can Still Be Free
1999,country,Two Hearts One Love
1999,pop,Two Hearts One Love
1999,rock,Two Hearts One Love
1999,rock,Fever Dream
1999,pop,Atrapados En La Red
1999,country,Menutha
2000,pop,The Call
2000,pop,Shape Of My Heart
2000,pop,Everyday
2000,pop,Tell Your Momma Come
2000,pop,On My Own
2000,pop,Magic
2000,pop,Don't Go Knockin' On My Door
2000,pop,Can't Make You Love Me
2000,pop,Oops!...I Did It Again
2000,rock,Korea (LP Version)
2000,rock,God You Are My God
2000,pop,Shifty Disco Girl
2000,pop,Bigbigkiss
2000,country,When I Was Drinking
2000,country,Polly's Dress
2000,rock,Fortunate Fool
2000,rock,It's All Understood
2000,rock,Inaudible Melodies
2000,country,The Woman I Need (Honky Tonk Mind)
2000,rock,Pushing Me Away (Album Version)
2000,rock,Crawling (Album Version)
2000,rock,Answer In The Question
2000,rock,Metal
2000,pop,Volvere
2000,rock,Slave To The Wage
2000,rock,Everything In Its Right Place
2000,rock,Kick Out The Jams
2000,rock,Much Against Everyone'S Advice (Dave Bascombe Radio Mix)
2000,rock,Real Love
2000,rock,New York
2001,pop,Lachen und weinen
2001,rock,Spaz's House Destruction Party
2001,rock,Unwanted
2001,reggae,Rainbow Country (Red Gold And Green Version)
2001,pop,Boys
2001,rock,Arco Arena
2001,rock,The Space Between
2001,country,There Will Come A Day (Album Version)
2001,rock,Rock The House (Explicit)
2001,rock,Rock The House (Radio Edit)
2001,reggae,Out Deh
2001,rock,Just A Phase
2001,rock,Warning
2001,rock,El Momento
2001,pop,Peaceful World
2001,rock,Peaceful World
2001,pop,Heaven Can Wait
2001,rock,Heaven Can Wait
2001,rock,Time Will Tell
2001,rock,Bath Of Least Resistance
2001,pop,Una na na
2001,country,Threadbare Gypsy Soul
2001,rock,Fast-Track
2001,rock,Everchanging
2001,rock,1000 Good Intentions
2001,pop,I'm Alive (BT & Sasha Mix)
2001,rock,Fire
2001,rock,Streamline
2001,pop,Cut Here
2001,rock,Cut Here
2001,rock,Soot and Stars
2001,rock,Don't Let Go
2002,pop,Mädchen mit Plan
2002,rock,Sarah Yellin'
2002,rock,Here Without You
2002,pop,Love Thing
2002,rock,The Distance
2002,rock,Celluloid Heroes
2002,rock,Going Down
2002,rock,Ja Nun Hons Pris
2002,country,Help Me Make It Through the Night
2002,rock,One I Love
2002,pop,That Old Gang Of Mine
2002,country,Unsaveable (Album Version)
2002,rock,Overdrive
2002,rock,The Witching Hour
2002,pop,Clown
2002,rock,You Are
2002,jazz,Testify
2002,pop,Testify
2002,rock,Testify
2002,rock,Strip The Soul (album version)
2002,rock,Everybody's Gonna Be Happy
2002,rock,Venice Queen (Album Version)
2002,rock,Dope Nose
2003,rock,It's Not Me
2003,rock,This House Is Haunted
2003,pop,Erased
2003,rock,Erased
2003,rock,Death Of A Nation
2003,rock,I Don't Wanna be a War Hero
2003,pop,Be With You
2003,pop,Krazy In Luv
2003,rock,All Of This
2003,pop,"Theme From ""Come September"" (LP Version)"
2003,rock,"Theme From ""Come September"" (LP Version)"
2003,pop,Everytime
2003,reggae,Excerpt Of A Speech By Marcus Mosiah Garvey
2003,jazz,Anyone Who Had A Heart
2003,pop,C'est Toujours Le Matin
2003,rock,A Rush Of Blood To The Head (Live In Sydney)
2003,rock,Fall Line
2003,reggae,How Can I
2003,country,Where Does Rosie Go?
2003,pop,Where Does Rosie Go?
2003,rock,Genius
2003,rock,Wicker Chair
2003,country,God's Will
2003,rock,Saturday Night's Alright (For Fighting)
2003,jazz,Welcome
2003,pop,Welcome
2003,rock,Welcome
2003,rock,Evalia
2003,rock,English Summer Rain
2003,rock,Where Is My Mind (XFM Live Version)
2003,rock,2 + 2 = 5
2003,rock,Amber Changing
2003,rock,Swing Life Away
2003,rock,Meet Me In The Bathroom
2003,rock,Between Love & Hate
2003,rock,Love Ain't No Stranger (2003 Digital Remaster)
2004,rock,Whitfield
2004,rock,How Does It Feel
2004,rock,Crawlspace
2004,pop,Let's Get It Started
2004,pop,Let's Get It Started
2004,rock,The Radio Saved My Life Tonight
2004,pop,My Prerogative
2004,jazz,How Insensitive
2004,rock,Motorcycle girl
2004,pop,Amazing
2004,rock,Amazing
2004,pop,Shoot The Dog
2004,rock,Shoot The Dog
2004,pop,What You Waiting For?
2004,rock,What You Waiting For?
2004,pop,Harajuku Girls
2004,rock,Harajuku Girls
2004,country,Redwing
2004,rock,A Crow Left Of The Murder
2004,pop,Mi Morena (Revised Live Version)
2004,rock,Day Old Blues
2004,rock,Jenny Take a Ride
2004,rock,Grey Skies Turn Blue
2004,rock,Don't Worry About It (Edited)
2004,pop,These Words
2004,pop,After Hours
2004,rock,After Hours
2004,pop,The Meantime
2004,rock,The Meantime
2004,pop,Here I Am
2004,rock,Here I Am
2004,rock,Final Straw (Album Version)
2004,rock,State Of The Union
2004,rock,Chatterbox
2004,rock,Citizen Of The Planet
2004,pop,Chelsea Girl (Live)
2004,rock,Chelsea Girl (Live)
2004,pop,Lost
2004,rock,Lost
2004,rock,Vertigo
2004,rock,Preparation
2004,rock,Mykel And Carli
2005,pop,Check On It
2005,rock,Up On That Cloud
2005,rock,Wildflower
2005,pop,Someday (I Will Understand)
2005,rock,Speed Of Sound (Live)
2005,rock,The World Turned Upside Down
2005,rock,Things I Don't Understand
2005,rock,Free (Album Version)
2005,pop,Until You Love Someone
2005,rock,No Ordinary Love (Remastered LP Version)
2005,country,I Want You (Album Version)
2005,rock,Hell
2005,rock,Razor
2005,rock,Still
2005,pop,Eleanor Put Your Boots On
2005,rock,Eleanor Put Your Boots On
2005,pop,Do You Want To
2005,rock,Do You Want To
2005,rock,Rockin' Every Night (Live)
2005,rock,White Light
2005,rock,November Has Come
2005,rock,Dirty Harry (Single Edit)
2005,rock,All Alone (Live)
2005,pop,Wake Me Up When September Ends (Live at Foxboro_ MA 9/3/05)
2005,rock,Wake Me Up When September Ends (Live at Foxboro_ MA 9/3/05)
2005,country,Have Yourself A Merry Little Christmas
2005,country,Go And Wash (Those Dirty Feet)
2005,pop,Mine Again
2005,country,Thanks A Lot
2005,country,I Can't Stop Loving You
2005,country,Pick Me Up On Your Way Down
2005,rock,Jetstream - Arthur Baker Remix
2005,rock,We Will Rock You
2005,rock,Follow You Home (Album Version)
2005,rock,Savin' Me
2005,rock,Yell Out
2005,rock,Lies
2005,rock,6TH Avenue Nightmare
2005,rock,I Never Came
2005,rock,This Lullaby
2005,pop,Music Of The Sun
2005,rock,Bury Your Head
2005,rock,Bury Your Head (Acoustic)
2005,pop,Prayer For The Dying (Live In Paris)
2005,country,Old Times Sake
2005,rock,Two Note Swivel (Unfinished Outtake)
2005,rock,What's Your Damage?
2005,rock,Snowball
2005,rock,Are You The One?
2005,rock,Blue Orchid
2006,rock,Affliction
2006,rock,Summer Shudder
2006,pop,Ring The Alarm
2006,pop,Ring The Alarm
2006,rock,Loving You Too Long
2006,pop,Dolorosa (Live)
2006,pop,Il Y A Une Question (Live)
2006,rock,Arnold Layne
2006,pop,Let It Be Me
2006,rock,Let It Be Me
2006,country,Lullaby
2006,rock,Feeling Blue
2006,rock,Good Enough
2006,pop,Mein Herz kann man nicht kaufen
2006,rock,The Blinding Sun
2006,pop,4 In The Morning
2006,rock,4 In The Morning
2006,rock,Stampede
2006,rock,Love Me
2006,pop,The Ghost At #1
2006,rock,The Ghost At #1
2006,rock,Just Like Lightnin'
2006,country,I Got Stripes (Live)
2006,rock,I Got Stripes (Live)
2006,pop,Lullaby [With Ladysmith Black Mambazo] (Album Version)
2006,rock,A Visit From Drum
2006,pop,U Killed It
2006,pop,Vogue [Live]
2006,pop,Jump [Jacques Lu Cont Edit]
2006,rock,We March To The Beat Of Indifferent Drum
2006,rock,Inside Job
2006,pop,SOS
2006,pop,We Ride
2006,rock,Drones
2006,rock,Intro/Chamber The Cartridge
2006,rock,Deliverance
2006,pop,I Love It [Clubstar Remix]
2006,country,Should've Said No
2006,rock,Truth And Lies
2006,rock,Broken Boy Soldier (KCRW Version)
2006,pop,What Do I Know
2006,rock,Son Of A Bitch
2007,pop,Ja (Hanno's Poppersmonstermix)
2007,rock,Better Life
2007,rock,She Will Love You (Album Version)
2007,rock,Teenage Queen (Album Version)
2007,rock,Innocence
2007,pop,Irreplaceable (Irreemplazable)
2007,rock,Mystic River
2007,reggae,Three Little Birds
2007,rock,I Love This Town
2007,pop,Break The Ice
2007,pop,The Reason I Go On
2007,rock,I Don't Want To Hear Any More
2007,rock,Last Good Time In Town
2007,country,Red Umbrella (Album Version)
2007,rock,If Ever
2007,pop,First Boyfriend
2007,reggae,To Your Arms of Love
2007,rock,Did You Get My Message?  (Live From Shubas)
2007,rock,Song For A Friend (Live From Montalvo)
2007,rock,Now I Got A Woman
2007,pop,Nunca Sabras
2007,rock,Nunca Sabras
2007,pop,No Volveras A Mi
2007,rock,No Volveras A Mi
2007,rock,My Party (Kenna Remix)
2007,rock,Knocked Up
2007,rock,Woo Hoo
2007,rock,Ragoo
2007,rock,The Song Remains The Same (2007 Remastered Album Version)
2007,rock,Cycle Time
2007,rock,Leather Prowler
2007,rock,Given Up (Album Version)
2007,rock,Survivalism
2007,rock,15 Step
2007,pop,Breakin' Dishes
2007,pop,Don't Stop The Music
2007,pop,Good Girl Gone Bad
2007,pop,Good Girl Gone Bad
2007,rock,The Murder Prologue
2007,rock,A Martyr For My Love For You
2007,rock,Im Slowly Turning Into You
2007,rock,Kite Live from Sydney
2008,rock,Who Are You
2008,pop,When A Man Loves A Woman
2008,pop,Saturday Love
2008,pop,Unbreak My Heart
2008,pop,Secret Lovers (Featuring Mica Paris)
2008,rock,The Modern Rome Burning
2008,pop,Single Ladies (Put A Ring On It)
2008,rock,Goodbye (Solo Version)
2008,rock,Zephyrus
2008,pop,Bullmoose (LP Version)
2008,rock,Bullmoose (LP Version)
2008,rock,Till We Ain't Strangers Anymore
2008,pop,Resistance
2008,rock,Josephine (French Edit)
2008,rock,You Can Do Better Than Me (Album Version)
2008,country,I'm Running Out Of Love
2008,pop,I'm Running Out Of Love
2008,country,Silent Night_ Holy Night! (Album Version)
2008,rock,Catcher In The Rye
2008,pop,Nothing But Sky [Outro] (Album Version)
2008,rock,Nothing But Sky [Outro] (Album Version)
2008,rock,Monsoon
2008,rock,Adrift
2008,reggae,Freedom
2008,pop,Mai [Live]
2008,pop,February Song [Live]
2008,rock,Autobahn (Live)
2008,pop,Poker Face
2008,pop,4 Minutes [Featuring Justin Timberlake And Timbaland] [Junkie XL Remix Edit]
2008,pop,Touch My Body
2008,rock,The End Of The Line
2008,rock,Intro / Time For Some Action
2008,pop,Love Like This
2008,rock,If Today Was Your Last Day (Album Version)
2008,pop,Leader (Album Version)
2008,rock,Leader (Album Version)
2008,country,Pretend
2008,pop,Lost In The Future
2008,country,The Way I Loved You
2008,rock,Yippiyo-Ay
2008,rock,If I Know You
2008,rock,Wake The Sleeper
2009,rock,Too Shy To Scream
2009,rock,Darling_ I Want To Destroy You
2009,rock,Killing Machine
2009,rock,Black Market Hell
2009,rock,Lesson Learned
2009,rock,Take Her Out
2009,rock,On Independence Day
2009,rock,The Gre(A)t Depression
2009,pop,PDA
2009,rock,One More Chance
2009,rock,Never Look Back
2009,rock,Million Miles
2009,pop,3
2009,reggae,Walking In Dub
2009,pop,No You Girls
2009,rock,No You Girls
2009,rock,Broke Down On The Brazos (Album)
2009,rock,Don't Stop
2009,pop,Al Final
2009,rock,Al Final
2009,pop,Volcán
2009,rock,Volcán
2009,pop,LDN (Warbox Original Cut Dub)
2009,pop,22 (Acoustic)
2009,pop,Everyone's At It
2009,pop,22 (Vingt Deux) (Feat. Ours)
2009,rock,Hardly Wait
2009,rock,The Never-Ending Why
2009,rock,Remember Me Lover (Album Version)
2009,rock,Fake Plastic Trees (Acoustic Version)
2009,rock,You (Demo)
2009,rock,Master Of The Universe
2009,rock,Angel Food
2009,rock,Roll Old Jeremiah
2009,rock,Good Morning Captain
2009,rock,Sodding About
2009,rock,FEZ-Being Born
2009,rock,I Don't Want To Let You Go
2010,pop,Rette Mich Später (Michael Ilbert Radio Mix)
2010,rock,Diamond Eyes (Album Version)
2010,rock,You And Your Heart
2010,rock,Lullaby For The Summer
2010,rock,Blues City Shake Down
2010,rock,Nature's Disappearing
2010,country,All Creatures Of Our God And King
